,county,year,days_with_aqi,good_days,moderate_days,unhealthy_for_sensitive_groups_days,unhealthy_days,very_unhealthy_days,hazardous_days,max_aqi,90th_percentile_aqi,median_aqi,days_co,days_no2,days_ozone,days_pm2.5,days_pm10
0,Alameda,2013,365,105,252,8,0,0,0,122,81,56,0,4,37,324,0
1,Alpine,2013,32,18,7,0,5,2,0,270,184,47,0,0,0,32,0
2,Amador,2013,365,301,62,2,0,0,0,108,61,38,0,0,365,0,0
3,Butte,2013,365,104,252,8,1,0,0,169,90,59,0,0,160,205,0
4,Calaveras,2013,364,172,190,2,0,0,0,119,66,51,0,0,163,201,0
5,Colusa,2013,364,176,186,2,0,0,0,126,67,51,0,0,70,292,2
6,Contra Costa,2013,365,117,245,3,0,0,0,115,73,55,0,0,47,318,0
7,Del Norte,2013,126,121,5,0,0,0,0,75,27,16,0,0,0,102,24
8,El Dorado,2013,365,221,121,23,0,0,0,147,90,45,0,0,361,4,0
9,Fresno,2013,365,35,191,114,25,0,0,197,147,88,0,1,190,169,5
10,Glenn,2013,361,181,179,1,0,0,0,101,67,50,0,0,144,217,0
11,Humboldt,2013,365,226,138,1,0,0,0,108,62,44,1,0,84,279,1
12,Imperial,2013,365,137,189,35,3,1,0,207,101,58,4,26,186,67,82
13,Inyo,2013,365,219,125,10,7,2,2,417,87,47,0,0,274,43,48
14,Kern,2013,365,14,215,104,31,1,0,242,148,90,0,0,154,209,2
15,Kings,2013,365,57,213,80,14,1,0,204,130,77,0,0,184,140,41
16,Lake,2013,364,355,9,0,0,0,0,80,44,33,0,0,357,7,0
17,Los Angeles,2013,365,8,257,75,25,0,0,197,140,79,0,14,159,191,1
18,Madera,2013,365,31,260,64,10,0,0,190,119,72,0,0,153,208,4
19,Marin,2013,365,157,206,2,0,0,0,124,66,52,1,1,30,333,0
20,Mariposa,2013,365,128,215,21,0,1,0,255,90,56,0,0,226,138,1
21,Mendocino,2013,331,245,86,0,0,0,0,82,64,29,0,0,29,140,162
22,Merced,2013,364,105,211,43,5,0,0,165,112,62,0,1,179,182,2
23,Mono,2013,365,311,43,6,1,0,4,3479,58,19,0,0,0,36,329
24,Monterey,2013,365,251,114,0,0,0,0,97,57,44,0,2,123,225,15
25,Napa,2013,365,150,212,3,0,0,0,119,73,53,0,4,80,281,0
26,Nevada,2013,362,202,139,21,0,0,0,140,92,48,0,0,331,31,0
27,Orange,2013,365,79,274,12,0,0,0,143,75,59,0,18,62,282,3
28,Placer,2013,365,126,222,13,4,0,0,165,84,55,0,3,171,191,0
29,Plumas,2013,119,55,49,13,2,0,0,166,113,53,0,0,0,119,0
30,Riverside,2013,365,19,210,98,36,0,2,450,151,88,0,0,182,143,40
31,Sacramento,2013,365,131,200,32,2,0,0,154,100,58,0,1,168,192,4
32,San Benito,2013,365,270,90,5,0,0,0,112,64,44,0,0,284,77,4
33,San Bernardino,2013,365,35,195,83,49,3,0,218,159,84,2,19,204,127,13
34,San Diego,2013,365,23,305,35,1,0,1,630,101,67,8,14,113,204,26
35,San Francisco,2013,365,193,170,2,0,0,0,133,68,48,0,33,58,274,0
36,San Joaquin,2013,365,43,289,24,9,0,0,159,99,62,0,0,51,306,8
37,San Luis Obispo,2013,365,65,286,14,0,0,0,136,90,62,0,0,140,202,23
38,San Mateo,2013,365,193,168,4,0,0,0,115,70,49,0,9,62,294,0
39,Santa Barbara,2013,365,149,213,3,0,0,0,122,65,52,0,1,158,204,2
40,Santa Clara,2013,365,129,228,7,1,0,0,153,80,55,0,0,90,275,0
41,Santa Cruz,2013,365,249,94,22,0,0,0,149,84,42,0,0,170,195,0
42,Shasta,2013,365,294,69,2,0,0,0,105,64,42,0,0,345,19,1
43,Siskiyou,2013,361,323,34,4,0,0,0,121,51,37,0,0,333,27,1
44,Solano,2013,365,161,193,11,0,0,0,132,76,53,0,1,110,254,0
45,Sonoma,2013,365,240,125,0,0,0,0,86,65,41,0,2,151,210,2
46,Stanislaus,2013,365,117,183,54,11,0,0,170,118,64,0,1,191,172,1
47,Sutter,2013,365,176,180,9,0,0,0,126,84,52,0,4,206,155,0
48,Tehama,2013,365,233,121,11,0,0,0,136,76,44,0,0,282,82,1
49,Trinity,2013,218,140,62,16,0,0,0,143,97,34,0,0,0,203,15
50,Tulare,2013,365,33,194,111,26,1,0,201,143,84,0,0,200,165,0
51,Tuolumne,2013,364,284,78,2,0,0,0,119,64,43,0,0,364,0,0
52,Ventura,2013,365,116,238,10,1,0,0,159,77,55,0,4,160,197,4
53,Yolo,2013,365,249,116,0,0,0,0,92,65,42,0,3,238,123,1
54,Alameda,2014,365,169,186,10,0,0,0,133,72,52,0,6,88,271,0
55,Alpine,2014,50,45,5,0,0,0,0,83,53,31,0,0,0,50,0
56,Amador,2014,359,263,86,10,0,0,0,133,80,42,0,0,359,0,0
57,Butte,2014,365,127,224,12,2,0,0,156,84,57,0,0,181,184,0
58,Calaveras,2014,361,209,148,4,0,0,0,115,71,47,0,0,224,137,0
59,Colusa,2014,365,163,202,0,0,0,0,99,67,52,0,0,90,274,1
60,Contra Costa,2014,365,150,210,5,0,0,0,133,71,53,0,0,84,281,0
61,Del Norte,2014,115,108,7,0,0,0,0,60,43,16,0,0,0,115,0
62,El Dorado,2014,365,223,96,43,3,0,0,163,105,45,0,0,354,4,7
63,Fresno,2014,365,48,193,91,33,0,0,197,148,83,0,0,206,158,1
64,Glenn,2014,365,244,120,1,0,0,0,105,61,44,0,0,205,154,6
65,Humboldt,2014,365,152,207,5,1,0,0,169,69,53,0,0,54,307,4
66,Imperial,2014,365,24,287,45,5,2,2,352,112,69,0,0,82,219,64
67,Inyo,2014,365,222,128,6,5,1,3,957,84,48,0,0,276,50,39
68,Kern,2014,365,17,188,117,42,0,1,307,154,97,0,0,217,140,8
69,Kings,2014,365,69,219,52,25,0,0,180,126,71,0,0,189,135,41
70,Lake,2014,357,333,24,0,0,0,0,93,48,37,0,0,349,7,1
71,Los Angeles,2014,365,8,250,79,26,2,0,205,143,82,0,11,160,192,2
72,Madera,2014,365,63,227,60,15,0,0,179,126,68,0,0,193,166,6
73,Marin,2014,365,130,234,1,0,0,0,107,65,53,0,2,22,341,0
74,Mariposa,2014,365,160,178,26,1,0,0,153,93,53,0,0,260,102,3
75,Mendocino,2014,365,224,141,0,0,0,0,96,62,44,0,0,86,279,0
76,Merced,2014,364,120,186,56,2,0,0,157,113,61,0,2,227,133,2
77,Mono,2014,365,332,21,1,3,2,6,2739,45,16,0,0,0,52,313
78,Monterey,2014,365,285,80,0,0,0,0,100,55,40,0,0,180,170,15
79,Napa,2014,365,111,254,0,0,0,0,90,69,55,0,0,24,341,0
80,Nevada,2014,365,211,120,33,1,0,0,168,100,47,0,0,352,13,0
81,Orange,2014,365,35,309,19,2,0,0,156,87,63,0,13,53,297,2
82,Placer,2014,365,116,221,23,3,2,0,265,97,57,0,0,187,178,0
83,Plumas,2014,127,58,56,10,3,0,0,158,103,52,0,0,0,127,0
84,Riverside,2014,365,11,198,122,32,1,1,541,150,93,0,0,193,115,57
85,Sacramento,2014,365,133,192,40,0,0,0,147,105,55,0,1,207,155,2
86,San Benito,2014,365,286,75,4,0,0,0,115,61,42,0,0,320,45,0
87,San Bernardino,2014,365,21,217,83,43,1,0,201,159,82,0,9,199,141,16
88,San Diego,2014,365,48,278,37,2,0,0,170,101,65,0,10,160,184,11
89,San Francisco,2014,365,249,116,0,0,0,0,97,59,39,0,41,102,222,0
90,San Joaquin,2014,365,112,219,33,1,0,0,152,99,58,0,0,173,188,4
91,San Luis Obispo,2014,365,81,270,14,0,0,0,126,87,60,0,0,115,245,5
92,San Mateo,2014,365,278,87,0,0,0,0,99,59,38,1,18,144,202,0
93,Santa Barbara,2014,365,161,198,4,2,0,0,159,66,52,0,1,143,217,4
94,Santa Clara,2014,365,216,141,7,1,0,0,154,71,46,0,12,140,212,1
95,Santa Cruz,2014,365,256,97,12,0,0,0,136,70,39,0,0,189,176,0
96,Shasta,2014,365,272,87,6,0,0,0,126,71,43,0,0,349,14,2
97,Siskiyou,2014,363,330,31,0,2,0,0,162,50,37,0,0,343,18,2
98,Solano,2014,365,171,191,3,0,0,0,124,69,51,0,1,89,275,0
99,Sonoma,2014,365,257,108,0,0,0,0,83,58,42,0,0,147,216,2
100,Stanislaus,2014,365,112,194,53,6,0,0,164,114,60,0,0,211,152,2
101,Sutter,2014,365,132,220,12,1,0,0,156,84,55,0,3,141,220,1
102,Tehama,2014,364,227,121,15,1,0,0,151,80,45,0,0,320,43,1
103,Trinity,2014,112,102,10,0,0,0,0,90,44,12,0,0,0,112,0
104,Tulare,2014,365,44,197,97,27,0,0,172,145,84,0,0,199,165,1
105,Tuolumne,2014,334,214,104,16,0,0,0,133,87,46,0,0,334,0,0
106,Ventura,2014,365,101,249,15,0,0,0,150,87,58,0,1,174,186,4
107,Yolo,2014,365,215,149,1,0,0,0,101,63,46,0,2,163,200,0
108,Alameda,2015,365,146,207,12,0,0,0,147,79,54,0,6,117,242,0
109,Alpine,2015,31,1,14,13,3,0,0,177,149,102,0,0,0,31,0
110,Amador,2015,364,283,73,8,0,0,0,140,67,41,0,0,364,0,0
111,Butte,2015,365,138,214,12,1,0,0,153,84,55,0,0,198,166,1
112,Calaveras,2015,365,216,127,18,1,1,2,390,90,47,0,0,250,115,0
113,Colusa,2015,365,141,218,4,1,1,0,208,73,53,0,0,89,274,2
114,Contra Costa,2015,365,193,164,8,0,0,0,147,70,48,0,0,138,227,0
115,Del Norte,2015,114,101,13,0,0,0,0,72,51,20,0,0,0,114,0
116,El Dorado,2015,365,238,103,22,2,0,0,166,93,44,0,0,347,8,10
117,Fresno,2015,365,38,225,78,23,1,0,205,136,80,0,0,203,158,4
118,Glenn,2015,365,221,144,0,0,0,0,93,68,46,0,0,206,148,11
119,Humboldt,2015,365,241,124,0,0,0,0,91,59,40,0,0,145,216,4
120,Imperial,2015,365,49,274,39,3,0,0,184,105,66,0,1,113,178,73
121,Inyo,2015,365,191,153,12,6,0,3,1482,90,49,0,0,265,55,45
122,Kern,2015,365,23,220,93,28,1,0,201,146,84,0,0,208,154,3
123,Kings,2015,365,72,223,60,10,0,0,182,119,74,0,0,179,153,33
124,Lake,2015,363,351,11,1,0,0,0,148,47,36,0,0,359,4,0
125,Los Angeles,2015,365,3,230,95,36,1,0,203,151,80,0,16,167,180,2
126,Madera,2015,365,78,240,43,4,0,0,156,105,64,0,0,193,158,14
127,Marin,2015,365,226,137,2,0,0,0,103,64,43,1,12,128,224,0
128,Mariposa,2015,365,220,134,6,4,1,0,240,84,47,0,0,289,67,9
129,Mendocino,2015,365,213,148,2,2,0,0,164,61,46,0,0,64,301,0
130,Merced,2015,365,107,213,41,4,0,0,159,105,61,0,0,188,177,0
131,Mono,2015,365,318,28,2,4,1,12,4384,54,15,0,0,0,47,318
132,Monterey,2015,365,285,79,1,0,0,0,120,54,41,0,1,169,183,12
133,Napa,2015,365,158,206,1,0,0,0,108,72,53,1,1,104,257,2
134,Nevada,2015,364,213,120,29,2,0,0,166,93,48,0,0,350,14,0
135,Orange,2015,365,57,287,19,2,0,0,156,87,61,0,18,79,267,1
136,Placer,2015,365,179,177,8,1,0,0,189,77,51,0,5,146,214,0
137,Plumas,2015,132,52,66,10,4,0,0,159,102,56,0,0,0,132,0
138,Riverside,2015,365,19,206,106,32,2,0,238,150,88,0,0,178,131,56
139,Sacramento,2015,365,101,237,24,3,0,0,172,93,58,0,1,146,218,0
140,San Benito,2015,365,303,62,0,0,0,0,93,58,40,0,0,314,50,1
141,San Bernardino,2015,365,14,221,88,37,5,0,223,154,84,0,18,190,151,6
142,San Diego,2015,365,46,278,40,1,0,0,156,102,65,0,1,160,202,2
143,San Francisco,2015,365,246,119,0,0,0,0,100,61,39,0,41,134,190,0
144,San Joaquin,2015,365,83,246,32,4,0,0,164,100,60,0,0,122,239,4
145,San Luis Obispo,2015,365,95,265,5,0,0,0,126,80,58,0,0,129,229,7
146,San Mateo,2015,365,297,67,1,0,0,0,101,56,35,1,22,198,144,0
147,Santa Barbara,2015,365,168,196,1,0,0,0,101,69,51,0,3,160,200,2
148,Santa Clara,2015,365,179,179,7,0,0,0,147,71,51,0,6,120,239,0
149,Santa Cruz,2015,365,282,83,0,0,0,0,95,59,38,0,0,187,178,0
150,Shasta,2015,365,252,100,12,1,0,0,157,84,44,0,0,351,14,0
151,Siskiyou,2015,362,330,28,4,0,0,0,139,49,36,0,0,331,29,2
152,Solano,2015,365,186,175,4,0,0,0,118,74,50,0,6,142,216,1
153,Sonoma,2015,365,293,72,0,0,0,0,90,58,37,0,0,215,148,2
154,Stanislaus,2015,365,92,225,43,5,0,0,187,112,62,0,0,164,194,7
155,Sutter,2015,365,157,200,8,0,0,0,119,86,54,1,0,182,182,0
156,Tehama,2015,365,223,123,18,1,0,0,154,87,47,0,0,304,59,2
157,Trinity,2015,68,67,1,0,0,0,0,56,29,12,0,0,0,68,0
158,Tulare,2015,365,29,238,78,20,0,0,176,143,80,0,0,191,171,3
159,Tuolumne,2015,364,264,89,11,0,0,0,126,77,43,0,0,364,0,0
160,Ventura,2015,365,119,233,13,0,0,0,126,85,56,0,2,162,198,3
161,Yolo,2015,365,185,176,4,0,0,0,103,77,50,0,1,160,204,0
162,Alameda,2016,366,155,196,13,2,0,0,154,74,52,0,2,123,241,0
163,Alpine,2016,24,19,5,0,0,0,0,69,55,29,0,0,0,24,0
164,Amador,2016,366,304,57,5,0,0,0,115,64,37,0,0,366,0,0
165,Butte,2016,366,115,235,16,0,0,0,127,87,57,0,0,143,223,0
166,Calaveras,2016,366,195,149,22,0,0,0,150,87,49,0,0,240,125,1
167,Colusa,2016,366,222,144,0,0,0,0,92,64,45,0,0,179,174,13
168,Contra Costa,2016,366,210,153,3,0,0,0,143,63,46,0,0,137,229,0
169,Del Norte,2016,177,156,21,0,0,0,0,69,52,26,0,0,0,177,0
170,El Dorado,2016,366,221,102,31,12,0,0,172,105,45,0,0,363,3,0
171,Fresno,2016,366,62,199,80,25,0,0,190,140,76,0,0,193,163,10
172,Glenn,2016,362,194,168,0,0,0,0,92,64,48,0,0,137,221,4
173,Humboldt,2016,366,288,78,0,0,0,0,77,57,38,0,1,192,169,4
174,Imperial,2016,366,64,257,39,3,1,2,546,105,61,0,2,118,156,90
175,Inyo,2016,366,238,105,15,4,1,3,418,87,45,0,0,301,29,36
176,Kern,2016,366,46,204,102,14,0,0,169,136,80,0,0,211,148,7
177,Kings,2016,366,61,231,71,3,0,0,156,115,72,0,0,164,155,47
178,Lake,2016,365,356,9,0,0,0,0,74,44,33,0,0,363,2,0
179,Los Angeles,2016,366,7,255,81,19,4,0,226,134,77,0,23,152,190,1
180,Madera,2016,366,91,225,47,3,0,0,156,105,63,0,0,187,167,12
181,Marin,2016,366,296,70,0,0,0,0,90,55,36,0,4,137,225,0
182,Mariposa,2016,366,197,149,19,1,0,0,159,93,48,0,0,242,114,10
183,Mendocino,2016,364,287,77,0,0,0,0,70,54,39,0,0,105,258,1
184,Merced,2016,366,115,216,33,2,0,0,151,100,58,0,0,178,186,2
185,Mono,2016,366,312,21,3,6,0,24,7063,63,18,0,0,0,37,329
186,Monterey,2016,366,290,65,3,8,0,0,185,55,37,0,0,203,140,23
187,Napa,2016,366,219,147,0,0,0,0,90,61,44,0,0,104,261,1
188,Nevada,2016,366,232,89,40,5,0,0,179,101,45,0,0,353,13,0
189,Orange,2016,366,87,264,13,2,0,0,169,88,58,0,16,118,231,1
190,Placer,2016,366,187,159,17,3,0,0,166,80,50,0,5,174,187,0
191,Plumas,2016,355,203,141,10,1,0,0,152,76,43,0,0,0,355,0
192,Riverside,2016,366,23,214,86,37,4,2,379,154,83,0,0,190,128,48
193,Sacramento,2016,366,136,191,33,6,0,0,172,101,55,0,0,172,194,0
194,San Benito,2016,366,298,63,5,0,0,0,126,61,39,0,0,325,41,0
195,San Bernardino,2016,366,9,219,78,48,12,0,217,172,84,0,19,182,157,8
196,San Diego,2016,366,30,294,40,2,0,0,164,105,68,0,2,176,188,0
197,San Francisco,2016,366,236,130,0,0,0,0,71,58,41,1,26,115,224,0
198,San Joaquin,2016,366,62,278,25,1,0,0,166,93,60,0,1,94,270,1
199,San Luis Obispo,2016,366,140,217,8,1,0,0,156,84,55,0,0,206,143,17
200,San Mateo,2016,366,214,152,0,0,0,0,70,59,47,1,14,80,271,0
201,Santa Barbara,2016,366,191,163,9,2,0,1,313,69,50,0,0,172,166,28
202,Santa Clara,2016,366,187,178,1,0,0,0,101,64,50,0,4,95,267,0
203,Santa Cruz,2016,366,306,60,0,0,0,0,76,54,35,0,0,162,204,0
204,Shasta,2016,366,296,56,14,0,0,0,140,74,41,0,0,358,8,0
205,Siskiyou,2016,362,351,11,0,0,0,0,93,44,27,0,0,335,27,0
206,Solano,2016,366,213,151,2,0,0,0,105,65,47,0,3,137,226,0
207,Sonoma,2016,366,323,43,0,0,0,0,87,51,34,0,0,265,99,2
208,Stanislaus,2016,366,102,221,40,3,0,0,164,103,59,0,0,163,202,1
209,Sutter,2016,366,115,219,32,0,0,0,147,97,58,0,0,158,208,0
210,Tehama,2016,366,218,106,37,5,0,0,174,108,45,0,0,307,58,1
211,Trinity,2016,167,83,84,0,0,0,0,97,73,51,0,0,0,167,0
212,Tulare,2016,366,55,187,102,22,0,0,177,145,77,0,0,199,164,3
213,Tuolumne,2016,354,223,86,38,7,0,0,164,108,44,0,0,354,0,0
214,Ventura,2016,366,120,237,9,0,0,0,147,84,56,0,0,138,224,4
215,Yolo,2016,366,246,116,4,0,0,0,115,64,43,0,1,216,148,1
216,Alameda,2017,365,106,245,9,4,1,0,205,78,56,0,6,51,308,0
217,Amador,2017,362,291,67,4,0,0,0,136,64,38,0,0,362,0,0
218,Butte,2017,365,100,241,23,1,0,0,155,95,59,0,0,150,213,2
219,Calaveras,2017,354,118,222,12,2,0,0,172,87,57,0,0,198,155,1
220,Colusa,2017,365,237,120,7,0,1,0,213,67,43,0,0,168,179,18
221,Contra Costa,2017,365,131,222,8,4,0,0,175,76,54,0,0,55,310,0
222,Del Norte,2017,298,241,55,0,1,1,0,251,56,27,0,0,0,298,0
223,El Dorado,2017,362,235,96,31,0,0,0,147,100,45,0,0,327,7,28
224,Fresno,2017,365,76,169,93,26,1,0,207,140,75,0,2,212,140,11
225,Glenn,2017,365,231,127,7,0,0,0,150,63,46,0,0,144,185,36
226,Humboldt,2017,365,298,59,5,3,0,0,180,61,37,1,1,230,123,10
227,Imperial,2017,365,73,250,37,2,2,1,328,104,64,0,2,139,163,61
228,Inyo,2017,365,195,145,16,3,0,6,2234,87,49,0,0,256,58,51
229,Kern,2017,365,59,167,115,24,0,0,197,140,85,0,0,236,121,8
230,Kings,2017,365,82,212,50,21,0,0,192,125,72,0,0,185,145,35
231,Lake,2017,362,350,10,1,1,0,0,172,44,35,0,0,346,15,1
232,Los Angeles,2017,365,9,237,73,38,8,0,224,156,79,0,20,156,189,0
233,Madera,2017,365,117,200,42,6,0,0,166,105,62,0,1,210,139,15
234,Marin,2017,365,224,133,5,3,0,0,164,62,44,0,6,86,273,0
235,Mariposa,2017,365,146,179,31,9,0,0,189,101,54,0,0,216,149,0
236,Mendocino,2017,365,226,131,7,0,1,0,203,70,45,0,0,107,255,3
237,Merced,2017,364,127,203,31,3,0,0,161,100,58,0,0,173,189,2
238,Mono,2017,365,300,40,5,1,4,15,3767,63,18,0,0,0,40,325
239,Monterey,2017,365,265,99,1,0,0,0,121,58,41,0,0,188,150,27
240,Napa,2017,365,137,214,7,5,2,0,274,71,53,1,1,37,326,0
241,Nevada,2017,365,194,90,62,19,0,0,185,133,49,0,0,343,22,0
242,Orange,2017,365,86,247,30,2,0,0,151,97,59,0,15,138,209,3
243,Placer,2017,365,211,145,7,2,0,0,156,77,46,0,5,224,134,2
244,Plumas,2017,351,184,142,17,8,0,0,189,90,47,0,0,0,351,0
245,Riverside,2017,365,26,188,100,43,6,2,359,161,87,0,1,213,120,31
246,Sacramento,2017,365,105,225,33,2,0,0,164,100,60,0,0,146,215,4
247,San Benito,2017,365,284,79,2,0,0,0,117,64,41,0,0,311,51,3
248,San Bernardino,2017,365,9,209,73,51,23,0,233,185,84,0,8,203,140,14
249,San Diego,2017,365,41,262,56,6,0,0,174,112,68,0,0,203,162,0
250,San Francisco,2017,365,211,147,7,0,0,0,136,67,44,0,28,103,234,0
251,San Joaquin,2017,365,141,191,33,0,0,0,146,100,55,0,2,153,202,8
252,San Luis Obispo,2017,365,107,250,8,0,0,0,133,82,58,0,0,158,187,20
253,San Mateo,2017,365,238,120,4,3,0,0,155,62,42,0,13,123,229,0
254,Santa Barbara,2017,365,181,167,6,8,2,1,313,74,51,0,0,169,187,9
255,Santa Clara,2017,365,174,179,9,3,0,0,182,75,52,0,5,132,228,0
256,Santa Cruz,2017,365,269,92,4,0,0,0,130,61,39,0,0,176,189,0
257,Shasta,2017,365,260,91,12,2,0,0,159,84,44,0,0,348,17,0
258,Siskiyou,2017,225,198,23,3,1,0,0,167,57,28,0,0,134,91,0
259,Solano,2017,365,173,182,5,5,0,0,184,73,52,0,2,121,242,0
260,Sonoma,2017,365,267,93,2,3,0,0,169,60,41,0,0,186,178,1
261,Stanislaus,2017,365,127,175,55,8,0,0,185,112,61,0,1,207,150,7
262,Sutter,2017,365,128,228,9,0,0,0,130,84,56,0,0,134,228,3
263,Tehama,2017,365,237,119,6,3,0,0,172,77,42,0,0,277,88,0
264,Trinity,2017,203,76,116,6,1,1,3,844,91,57,0,0,0,203,0
265,Tulare,2017,365,67,171,96,31,0,0,174,147,81,0,0,211,147,7
266,Tuolumne,2017,362,231,106,25,0,0,0,143,93,44,0,0,362,0,0
267,Ventura,2017,365,117,215,20,6,5,2,961,100,57,0,0,176,182,7
268,Yolo,2017,365,228,130,6,1,0,0,154,71,45,0,0,223,141,1
269,Alameda,2018,365,77,271,5,9,3,0,248,79,57,0,1,22,342,0
270,Amador,2018,364,288,70,6,0,0,0,129,71,40,0,0,364,0,0
271,Butte,2018,365,97,228,22,10,3,5,682,104,59,0,0,148,216,1
272,Calaveras,2018,364,52,292,14,6,0,0,160,87,58,0,0,71,293,0
273,Colusa,2018,365,206,131,10,17,1,0,299,84,46,0,0,138,210,17
274,Contra Costa,2018,365,111,236,7,8,3,0,270,74,55,0,0,45,320,0
275,Del Norte,2018,180,134,46,0,0,0,0,80,58,33,0,0,0,180,0
276,El Dorado,2018,365,221,107,27,9,1,0,203,101,45,0,0,347,9,9
277,Fresno,2018,365,61,206,79,19,0,0,185,133,75,0,0,210,151,4
278,Glenn,2018,363,242,105,9,6,1,0,255,71,39,0,0,130,185,48
279,Humboldt,2018,365,301,58,5,1,0,0,167,58,35,0,2,231,117,15
280,Imperial,2018,365,67,248,41,7,2,0,286,108,64,0,4,103,164,94
281,Inyo,2018,365,192,136,26,7,2,2,638,101,49,0,0,291,44,30
282,Kern,2018,365,45,190,103,27,0,0,190,142,84,0,0,226,126,13
283,Kings,2018,365,68,239,49,9,0,0,190,114,70,0,0,161,160,44
284,Lake,2018,357,344,10,1,1,1,0,233,43,33,0,0,343,12,2
285,Los Angeles,2018,365,7,250,89,18,1,0,201,130,78,0,22,153,189,1
286,Madera,2018,365,122,208,30,5,0,0,169,100,58,0,0,181,160,24
287,Marin,2018,365,235,117,3,9,1,0,243,63,43,0,11,85,269,0
288,Mariposa,2018,365,156,169,10,13,15,2,352,108,53,0,0,226,139,0
289,Mendocino,2018,364,217,126,13,6,1,1,376,69,46,0,0,81,282,1
290,Merced,2018,365,110,214,32,9,0,0,178,101,56,0,1,139,224,1
291,Mono,2018,365,252,84,14,10,3,2,1049,85,27,0,0,0,234,131
292,Monterey,2018,365,258,100,5,2,0,0,157,57,42,0,0,149,189,27
293,Napa,2018,364,210,142,4,8,0,0,195,65,46,1,1,99,262,1
294,Nevada,2018,363,231,104,19,7,2,0,218,87,45,0,0,311,52,0
295,Orange,2018,365,114,233,15,3,0,0,160,86,54,0,17,114,231,3
296,Placer,2018,365,213,127,16,7,2,0,248,84,46,0,12,176,174,3
297,Plumas,2018,350,186,154,8,2,0,0,162,85,47,0,0,0,350,0
298,Riverside,2018,365,32,193,102,32,6,0,296,153,87,0,1,210,117,37
299,Sacramento,2018,365,104,226,22,6,5,2,376,100,58,0,1,131,229,4
300,San Benito,2018,365,270,84,11,0,0,0,143,63,42,0,0,286,78,1
301,San Bernardino,2018,365,14,197,96,51,7,0,221,164,89,0,5,197,159,4
302,San Diego,2018,365,28,302,35,0,0,0,143,100,67,0,0,162,203,0
303,San Francisco,2018,365,222,129,2,10,2,0,252,66,44,1,23,86,254,1
304,San Joaquin,2018,365,91,241,20,8,4,1,365,99,59,0,0,85,276,4
305,San Luis Obispo,2018,365,147,209,9,0,0,0,133,77,53,0,0,172,168,25
306,San Mateo,2018,365,236,116,3,10,0,0,197,61,42,0,13,90,262,0
307,Santa Barbara,2018,365,173,190,2,0,0,0,114,67,51,0,0,167,188,10
308,Santa Clara,2018,365,154,194,6,9,2,0,214,72,53,0,2,94,269,0
309,Santa Cruz,2018,365,273,82,5,5,0,0,177,56,41,0,0,136,229,0
310,Shasta,2018,365,272,72,15,5,1,0,206,84,43,0,0,341,23,1
311,Siskiyou,2018,365,247,78,16,21,3,0,219,119,42,0,0,214,151,0
312,Solano,2018,365,184,166,3,11,1,0,272,69,50,0,1,120,244,0
313,Sonoma,2018,365,304,48,3,8,2,0,250,57,39,0,2,232,130,1
314,Stanislaus,2018,365,109,209,32,11,4,0,265,108,59,0,1,153,206,5
315,Sutter,2018,365,94,236,22,6,6,1,420,100,58,0,0,101,263,1
316,Tehama,2018,365,208,128,16,12,1,0,206,96,48,0,0,224,141,0
317,Trinity,2018,291,117,155,12,5,2,0,209,82,54,0,0,0,291,0
318,Tulare,2018,365,50,194,95,26,0,0,180,140,79,0,0,207,152,6
319,Tuolumne,2018,348,254,73,20,1,0,0,154,80,43,0,0,348,0,0
320,Ventura,2018,365,94,254,16,1,0,0,166,88,57,0,0,116,238,11
321,Yolo,2018,365,216,135,5,7,2,0,260,71,45,0,0,198,167,0
322,Alameda,2019,365,183,174,8,0,0,0,150,67,50,0,11,94,260,0
323,Amador,2019,355,308,45,2,0,0,0,115,51,39,0,0,355,0,0
324,Butte,2019,365,171,189,3,2,0,0,180,71,51,0,0,121,243,1
325,Calaveras,2019,360,288,71,1,0,0,0,108,60,43,0,0,297,62,1
326,Colusa,2019,365,260,105,0,0,0,0,85,61,41,0,0,152,173,40
327,Contra Costa,2019,365,238,123,4,0,0,0,129,64,43,0,3,171,190,1
328,Del Norte,2019,248,210,38,0,0,0,0,74,53,26,0,0,0,248,0
329,El Dorado,2019,365,273,86,6,0,0,0,122,74,43,0,0,353,3,9
330,Fresno,2019,365,113,186,64,2,0,0,187,115,63,0,1,229,118,17
331,Glenn,2019,362,274,88,0,0,0,0,86,58,42,0,0,232,119,11
332,Humboldt,2019,363,340,23,0,0,0,0,69,44,28,2,1,253,70,37
333,Imperial,2019,365,94,250,19,2,0,0,185,93,61,0,0,185,128,52
334,Inyo,2019,365,226,127,6,2,1,3,653,84,47,0,0,313,23,29
335,Kern,2019,365,91,179,87,6,1,1,553,122,69,0,1,228,108,28
336,Kings,2019,365,123,201,37,2,0,2,508,105,58,0,0,166,130,69
337,Lake,2019,360,360,0,0,0,0,0,50,42,31,0,0,351,8,1
338,Los Angeles,2019,365,34,245,57,28,1,0,201,136,72,0,24,166,170,5
339,Madera,2019,365,167,185,13,0,0,0,140,84,52,0,0,225,103,37
340,Marin,2019,363,291,71,1,0,0,0,133,55,37,0,10,151,202,0
341,Mariposa,2019,365,192,159,9,5,0,0,185,84,50,0,0,247,118,0
342,Mendocino,2019,361,290,71,0,0,0,0,80,54,36,0,0,155,199,7
343,Merced,2019,365,176,182,7,0,0,0,119,80,51,0,0,202,161,2
344,Mono,2019,365,242,108,6,0,0,9,4227,83,34,0,0,0,322,43
345,Monterey,2019,365,303,61,1,0,0,0,144,54,39,2,0,228,127,8
346,Napa,2019,363,295,66,2,0,0,0,119,54,37,2,0,211,150,0
347,Nevada,2019,361,251,105,5,0,0,0,122,71,45,0,0,272,89,0
348,Orange,2019,365,157,192,15,1,0,0,172,87,53,0,7,188,164,6
349,Placer,2019,365,198,158,9,0,0,0,136,77,49,0,0,218,145,2
350,Plumas,2019,341,220,116,5,0,0,0,138,71,34,0,0,0,341,0
351,Riverside,2019,365,53,192,91,29,0,0,185,147,77,0,0,219,102,44
352,Sacramento,2019,365,175,180,10,0,0,0,140,84,52,0,1,188,169,7
353,San Benito,2019,365,318,47,0,0,0,0,90,52,39,0,0,308,51,6
354,San Bernardino,2019,365,29,203,71,54,8,0,213,172,81,0,4,214,140,7
355,San Diego,2019,365,38,302,23,2,0,0,169,93,66,0,1,133,228,3
356,San Francisco,2019,365,251,113,1,0,0,0,108,58,39,0,15,119,231,0
357,San Joaquin,2019,365,202,151,11,1,0,0,190,82,47,0,1,201,149,14
358,San Luis Obispo,2019,365,196,166,3,0,0,0,108,74,49,0,0,239,109,17
359,San Mateo,2019,365,276,87,2,0,0,0,122,57,39,0,14,135,216,0
360,Santa Barbara,2019,365,242,122,1,0,0,0,105,63,45,0,0,228,128,9
361,Santa Clara,2019,365,205,156,4,0,0,0,136,68,48,0,1,134,229,1
362,Santa Cruz,2019,365,291,74,0,0,0,0,74,54,39,0,0,166,199,0
363,Shasta,2019,364,306,58,0,0,0,0,100,54,42,0,0,349,13,2
364,Siskiyou,2019,365,302,59,2,2,0,0,164,54,38,0,0,239,126,0
365,Solano,2019,365,226,138,1,0,0,0,119,64,45,0,1,129,235,0
366,Sonoma,2019,365,318,47,0,0,0,0,87,52,36,0,1,202,155,7
367,Stanislaus,2019,365,168,174,22,1,0,0,177,92,52,0,0,208,147,10
368,Sutter,2019,365,200,163,2,0,0,0,110,71,48,0,0,200,159,6
369,Tehama,2019,365,263,102,0,0,0,0,93,64,43,0,0,299,66,0
370,Trinity,2019,269,225,42,2,0,0,0,113,56,23,0,0,0,269,0
371,Tulare,2019,365,98,186,78,2,1,0,280,122,67,0,0,210,136,19
372,Tuolumne,2019,358,273,83,2,0,0,0,108,67,43,0,0,358,0,0
373,Ventura,2019,365,175,181,9,0,0,0,126,77,51,0,3,226,127,9
374,Yolo,2019,365,252,112,1,0,0,0,136,63,43,0,1,249,114,1
375,Alameda,2020,366,169,177,8,11,1,0,243,81,52,0,6,87,273,0
376,Amador,2020,359,327,29,2,1,0,0,156,50,37,0,0,359,0,0
377,Butte,2020,366,149,178,18,16,3,2,508,110,54,0,0,159,204,3
378,Calaveras,2020,364,206,135,10,12,1,0,210,79,48,0,0,182,177,5
379,Colusa,2020,366,218,116,9,22,1,0,221,87,42,0,0,148,190,28
380,Contra Costa,2020,366,192,156,7,10,1,0,221,75,49,0,2,107,257,0
381,Del Norte,2020,292,193,90,4,3,2,0,245,61,42,0,0,0,292,0
382,El Dorado,2020,366,256,87,17,6,0,0,190,90,43,0,0,346,13,7
383,Fresno,2020,366,75,192,59,31,8,1,346,154,76,0,0,149,204,13
384,Glenn,2020,364,200,135,7,19,3,0,221,84,46,0,0,151,202,11
385,Humboldt,2020,366,318,45,3,0,0,0,109,53,29,0,0,225,80,61
386,Imperial,2020,366,94,244,26,2,0,0,166,97,60,0,1,153,146,66
387,Inyo,2020,366,158,153,23,16,8,8,705,130,57,0,0,218,128,20
388,Kern,2020,366,56,180,98,28,4,0,267,140,83,0,0,184,166,16
389,Kings,2020,366,76,220,54,13,2,1,548,124,70,0,0,118,199,49
390,Lake,2020,351,341,6,1,3,0,0,190,44,32,0,0,324,25,2
391,Los Angeles,2020,366,35,194,77,43,17,0,250,166,85,0,9,180,175,2
392,Madera,2020,366,104,209,34,15,4,0,275,113,64,0,0,173,174,19
393,Marin,2020,366,272,85,4,4,1,0,231,62,36,0,8,148,210,0
394,Mariposa,2020,366,195,123,27,10,6,5,1073,111,49,0,0,275,84,7
395,Mendocino,2020,366,240,103,10,10,0,3,716,79,40,0,0,112,252,2
396,Merced,2020,366,131,203,17,15,0,0,194,96,57,0,0,164,201,1
397,Mono,2020,366,183,117,13,14,11,28,2088,224,51,0,0,0,331,35
398,Monterey,2020,366,259,92,4,8,3,0,275,64,39,0,0,171,171,24
399,Napa,2020,365,259,91,7,7,1,0,224,66,39,3,0,163,199,0
400,Nevada,2020,366,223,111,15,11,6,0,277,91,46,0,0,173,193,0
401,Orange,2020,366,118,207,28,11,2,0,218,108,56,0,4,153,207,2
402,Placer,2020,366,130,195,20,15,6,0,247,108,57,0,0,181,177,8
403,Plumas,2020,360,135,175,16,17,10,7,755,146,56,0,0,0,360,0
404,Riverside,2020,366,42,179,98,36,9,2,584,159,87,0,0,211,124,31
405,Sacramento,2020,366,145,185,17,16,3,0,226,100,55,0,0,166,191,9
406,San Benito,2020,366,271,78,8,9,0,0,174,68,41,0,0,241,117,8
407,San Bernardino,2020,366,33,170,76,69,18,0,236,185,93,0,6,219,128,13
408,San Diego,2020,366,33,284,35,14,0,0,192,108,74,0,0,100,263,3
409,San Francisco,2020,366,227,131,3,4,1,0,223,67,42,0,5,118,243,0
410,San Joaquin,2020,366,162,173,16,13,2,0,215,97,54,0,0,129,223,14
411,San Luis Obispo,2020,366,161,174,21,7,1,2,334,90,53,0,0,179,181,6
412,San Mateo,2020,366,257,99,5,5,0,0,199,64,37,0,11,136,219,0
413,Santa Barbara,2020,366,199,154,9,4,0,0,174,68,48,0,0,156,207,3
414,Santa Clara,2020,366,174,172,11,9,0,0,198,81,52,0,3,107,256,0
415,Santa Cruz,2020,366,261,85,6,10,1,3,624,68,39,0,0,138,228,0
416,Shasta,2020,366,286,72,6,2,0,0,171,67,41,0,0,325,41,0
417,Siskiyou,2020,366,272,71,10,9,2,2,468,66,39,0,0,210,156,0
418,Solano,2020,366,183,167,9,6,1,0,228,77,51,0,0,125,240,1
419,Sonoma,2020,366,290,69,1,6,0,0,199,57,36,0,1,166,192,7
420,Stanislaus,2020,366,131,198,21,16,0,0,195,102,60,0,1,169,182,14
421,Sutter,2020,366,162,173,15,13,2,1,356,90,53,0,0,140,222,4
422,Tehama,2020,366,216,117,12,19,2,0,218,94,46,0,0,214,152,0
423,Trinity,2020,343,215,100,12,13,3,0,211,81,36,0,0,0,343,0
424,Tulare,2020,366,52,179,103,30,2,0,225,145,80,0,0,164,190,12
425,Tuolumne,2020,353,277,71,5,0,0,0,143,64,41,0,0,353,0,0
426,Ventura,2020,366,185,155,21,5,0,0,174,90,50,0,0,239,119,8
427,Yolo,2020,366,215,123,14,13,1,0,209,86,45,0,1,168,197,0
428,Alameda,2021,365,155,200,9,1,0,0,151,71,53,0,3,99,263,0
429,Amador,2021,365,307,54,4,0,0,0,133,67,37,0,0,365,0,0
430,Butte,2021,365,160,174,18,10,3,0,257,90,53,0,0,177,185,3
431,Calaveras,2021,364,220,135,6,3,0,0,178,77,46,0,0,216,148,0
432,Colusa,2021,365,111,238,9,6,1,0,225,76,55,0,0,60,291,14
433,Contra Costa,2021,365,195,165,5,0,0,0,150,69,47,0,0,139,226,0
434,Del Norte,2021,323,259,64,0,0,0,0,72,54,31,0,0,0,323,0
435,El Dorado,2021,365,247,96,16,4,1,1,375,93,43,0,0,349,9,7
436,Fresno,2021,365,62,221,63,17,2,0,278,130,68,0,0,146,209,10
437,Glenn,2021,365,244,106,9,6,0,0,192,65,42,0,0,183,172,10
438,Humboldt,2021,365,333,32,0,0,0,0,64,48,29,12,0,219,78,56
439,Imperial,2021,365,84,252,22,4,1,2,436,97,60,0,0,134,126,105
440,Inyo,2021,365,100,222,25,12,3,3,558,115,61,0,0,152,185,28
441,Kern,2021,365,35,202,97,29,1,1,314,147,84,0,0,151,199,15
442,Kings,2021,365,84,230,40,10,0,1,685,109,64,0,0,119,168,78
443,Lake,2021,356,348,7,0,1,0,0,157,43,33,0,0,335,19,2
444,Los Angeles,2021,365,9,259,70,26,1,0,281,143,79,0,13,148,199,5
445,Madera,2021,365,133,197,28,7,0,0,194,100,58,0,0,210,131,24
446,Marin,2021,365,267,98,0,0,0,0,88,60,38,0,2,149,214,0
447,Mariposa,2021,365,193,140,25,7,0,0,162,97,49,0,0,292,73,0
448,Mendocino,2021,365,210,147,6,2,0,0,185,69,46,0,0,76,289,0
449,Merced,2021,365,155,177,31,2,0,0,166,100,54,0,0,210,151,4
450,Mono,2021,364,260,78,12,11,0,3,2971,84,27,0,0,0,241,123
451,Monterey,2021,365,261,104,0,0,0,0,80,57,41,0,0,161,194,10
452,Napa,2021,140,108,32,0,0,0,0,77,56,41,1,0,74,65,0
453,Nevada,2021,365,183,129,34,13,4,2,326,115,50,0,0,208,157,0
454,Orange,2021,365,109,238,18,0,0,0,148,87,55,0,5,124,232,4
455,Placer,2021,365,130,187,30,9,6,3,692,115,58,0,0,220,144,1
456,Plumas,2021,365,97,184,37,24,16,7,654,170,67,0,0,0,365,0
457,Riverside,2021,365,19,210,89,44,2,1,329,158,89,0,0,191,127,47
458,Sacramento,2021,365,146,183,30,4,1,1,381,100,55,0,0,195,166,4
459,San Benito,2021,365,295,70,0,0,0,0,100,55,41,0,0,280,79,6
460,San Bernardino,2021,365,17,202,73,61,11,1,486,172,87,0,7,191,155,12
461,San Diego,2021,365,52,297,16,0,0,0,133,90,67,0,0,163,199,3
462,San Francisco,2021,365,255,110,0,0,0,0,86,60,39,0,8,162,195,0
463,San Joaquin,2021,365,140,209,15,1,0,0,153,84,55,0,0,114,231,20
464,San Luis Obispo,2021,365,154,203,8,0,0,0,133,77,53,0,0,190,167,8
465,San Mateo,2021,365,290,75,0,0,0,0,90,56,36,0,3,199,163,0
466,Santa Barbara,2021,365,240,124,1,0,0,0,101,60,44,0,0,180,184,1
467,Santa Clara,2021,365,147,211,7,0,0,0,147,72,53,0,0,90,275,0
468,Santa Cruz,2021,365,298,67,0,0,0,0,80,54,37,0,0,187,178,0
469,Shasta,2021,365,222,111,15,12,5,0,240,93,46,0,0,271,94,0
470,Siskiyou,2021,364,237,96,7,21,3,0,210,86,43,0,0,178,186,0
471,Solano,2021,365,215,147,3,0,0,0,126,66,44,0,0,172,193,0
472,Sonoma,2021,365,283,82,0,0,0,0,89,57,37,0,0,156,203,6
473,Stanislaus,2021,365,84,234,42,5,0,0,172,105,61,0,0,136,225,4
474,Sutter,2021,364,102,240,17,5,0,0,175,90,59,0,0,95,268,1
475,Tehama,2021,365,207,122,21,15,0,0,193,100,47,0,0,256,109,0
476,Trinity,2021,328,201,81,4,19,9,14,1217,168,38,0,0,0,328,0
477,Tulare,2021,365,49,182,93,38,2,1,961,154,81,0,0,173,187,5
478,Tuolumne,2021,360,295,63,2,0,0,0,136,61,41,0,0,360,0,0
479,Ventura,2021,365,157,198,10,0,0,0,122,80,53,0,0,214,140,11
480,Yolo,2021,365,242,117,4,2,0,0,159,68,42,0,0,215,149,1
481,Alameda,2022,365,185,175,5,0,0,0,122,70,49,0,2,108,255,0
482,Amador,2022,364,333,30,1,0,0,0,112,50,36,0,0,364,0,0
483,Butte,2022,365,191,171,3,0,0,0,119,77,50,0,0,239,126,0
484,Calaveras,2022,364,286,77,1,0,0,0,115,58,41,0,0,237,126,1
485,Colusa,2022,363,240,122,1,0,0,0,105,59,44,0,0,185,171,7
486,Contra Costa,2022,365,174,189,2,0,0,0,129,67,52,0,0,99,266,0
487,Del Norte,2022,344,299,45,0,0,0,0,74,52,29,0,0,0,344,0
488,El Dorado,2022,365,258,93,12,2,0,0,186,77,43,0,0,353,8,4
489,Fresno,2022,365,78,217,67,3,0,0,159,115,71,0,0,192,160,13
490,Glenn,2022,360,264,95,1,0,0,0,104,61,42,0,0,255,98,7
491,Humboldt,2022,365,340,25,0,0,0,0,74,42,24,1,0,217,84,63
492,Imperial,2022,365,86,232,34,5,2,6,791,106,61,0,2,131,131,101
493,Inyo,2022,365,117,217,18,4,4,5,1551,97,58,0,0,188,130,47
494,Kern,2022,365,47,196,109,12,1,0,289,136,80,0,0,189,153,23
495,Kings,2022,365,71,244,48,2,0,0,187,108,69,0,0,163,149,53
496,Lake,2022,363,359,4,0,0,0,0,76,43,32,0,0,350,13,0
497,Los Angeles,2022,365,17,254,65,28,1,0,209,140,74,0,19,170,167,9
498,Madera,2022,365,147,205,13,0,0,0,136,87,54,0,0,212,129,24
499,Marin,2022,365,275,90,0,0,0,0,91,57,37,0,2,151,212,0
500,Mariposa,2022,365,211,125,8,21,0,0,198,89,48,0,0,276,88,1
501,Mendocino,2022,365,129,234,2,0,0,0,103,69,54,0,0,26,339,0
502,Merced,2022,365,140,212,13,0,0,0,143,87,56,0,0,195,141,29
503,Mono,2022,365,276,61,5,7,1,15,8368,68,27,0,0,0,255,110
504,Monterey,2022,365,299,66,0,0,0,0,80,54,39,0,0,198,144,23
505,Nevada,2022,365,185,161,11,3,5,0,293,87,50,0,0,258,107,0
506,Orange,2022,365,143,215,5,2,0,0,156,71,53,0,9,133,217,6
507,Placer,2022,365,156,185,15,4,3,2,442,90,54,0,0,241,123,1
508,Plumas,2022,359,148,182,25,4,0,0,175,96,55,0,0,0,359,0
509,Riverside,2022,365,41,198,86,31,2,7,1683,151,77,0,0,196,110,59
510,Sacramento,2022,365,162,184,17,2,0,0,164,93,53,0,0,200,164,1
511,San Benito,2022,365,297,68,0,0,0,0,97,57,42,0,0,299,65,1
512,San Bernardino,2022,365,23,212,67,56,7,0,225,166,77,0,9,197,142,17
513,San Diego,2022,365,42,297,25,1,0,0,156,97,63,0,1,150,190,24
514,San Francisco,2022,364,260,104,0,0,0,0,88,59,36,2,18,152,192,0
515,San Joaquin,2022,365,192,164,8,0,1,0,208,86,48,0,0,172,169,24
516,San Luis Obispo,2022,365,117,245,3,0,0,0,115,75,55,0,0,160,203,2
517,San Mateo,2022,365,267,98,0,0,0,0,85,60,36,0,7,179,179,0
518,Santa Barbara,2022,365,198,167,0,0,0,0,93,60,48,0,0,138,223,4
519,Santa Clara,2022,365,187,173,5,0,0,0,119,73,49,0,0,130,235,0
520,Santa Cruz,2022,365,287,78,0,0,0,0,93,56,35,0,0,180,185,0
521,Shasta,2022,365,253,106,6,0,0,0,119,71,45,0,0,303,62,0
522,Siskiyou,2022,362,269,86,2,4,0,1,454,62,41,0,0,203,159,0
523,Solano,2022,365,235,130,0,0,0,0,93,67,43,0,0,197,168,0
524,Sonoma,2022,365,286,79,0,0,0,0,82,56,36,0,0,194,168,3
525,Stanislaus,2022,365,108,234,22,1,0,0,166,95,57,0,0,128,218,19
526,Sutter,2022,364,154,205,5,0,0,0,119,81,52,0,0,178,186,0
527,Tehama,2022,365,245,117,3,0,0,0,108,74,44,0,0,281,84,0
528,Trinity,2022,353,227,111,5,5,3,2,342,72,34,0,0,0,353,0
529,Tulare,2022,365,58,193,106,8,0,0,182,129,77,0,0,192,158,15
530,Tuolumne,2022,250,237,12,1,0,0,0,108,48,39,0,0,250,0,0
531,Ventura,2022,365,171,183,11,0,0,0,140,80,52,0,1,242,122,0
532,Yolo,2022,365,283,80,2,0,0,0,101,64,42,0,0,278,87,0
