county,year,days_with_aqi,good_days,moderate_days,unhealthy_for_sensitive_groups_days,unhealthy_days,very_unhealthy_days,hazardous_days,max_aqi,90th_percentile_aqi,median_aqi,days_co,days_no2,days_ozone,days_pm2.5,days_pm10,asthma_rate,number_of_cases,y_pred,residual
Alameda,2013,365,105,252,8,0,0,0,122,81,56,0,4,37,324,0,65.05,9960.0,57.152449917911994,7.897550082088003
Amador,2013,365,301,62,2,0,0,0,108,61,38,0,0,365,0,0,78.0,255.0,58.92560852331507,19.07439147668493
Butte,2013,365,104,252,8,1,0,0,169,90,59,0,0,160,205,0,46.86,969.0,46.50565255797612,0.35434744202387947
Calaveras,2013,364,172,190,2,0,0,0,119,66,51,0,0,163,201,0,57.26,222.0,55.1804190835714,2.079580916428597
Colusa,2013,364,176,186,2,0,0,0,126,67,51,0,0,70,292,2,36.86,79.0,45.96199616942297,-9.101996169422968
Contra Costa,2013,365,117,245,3,0,0,0,115,73,55,0,0,47,318,0,66.12,6940.0,60.36771422665743,5.752285773342578
Del Norte,2013,126,121,5,0,0,0,0,75,27,16,0,0,0,102,24,51.58,137.0,56.02225614524761,-4.442256145247612
El Dorado,2013,365,221,121,23,0,0,0,147,90,45,0,0,361,4,0,34.8,576.0,39.99701380344329,-5.197013803443291
Fresno,2013,365,35,191,114,25,0,0,197,147,88,0,1,190,169,5,72.53,7209.0,71.39594326736231,1.1340567326376885
Glenn,2013,361,181,179,1,0,0,0,101,67,50,0,0,144,217,0,44.46,121.0,45.2889168667215,-0.8289168667214994
Humboldt,2013,365,226,138,1,0,0,0,108,62,44,1,0,84,279,1,73.98,961.0,62.99772742697788,10.982272573022122
Imperial,2013,365,137,189,35,3,1,0,207,101,58,4,26,186,67,82,69.11,1289.0,61.64890810010081,7.461091899899188
Inyo,2013,365,219,125,10,7,2,2,417,87,47,0,0,274,43,48,56.51,90.0,57.068595322994625,-0.558595322994627
Kern,2013,365,14,215,104,31,1,0,242,148,90,0,0,154,209,2,57.89,5219.0,55.29846311823239,2.5915368817676097
Kings,2013,365,57,213,80,14,1,0,204,130,77,0,0,184,140,41,90.07,1370.0,67.20900936974341,22.86099063025658
Lake,2013,364,355,9,0,0,0,0,80,44,33,0,0,357,7,0,72.48,435.0,78.10160852331512,-5.621608523315118
Los Angeles,2013,365,8,257,75,25,0,0,197,140,79,0,14,159,191,1,51.25,49822.0,51.75832658054941,-0.5083265805494079
Madera,2013,365,31,260,64,10,0,0,190,119,72,0,0,153,208,4,52.06,829.0,60.003507152893455,-7.943507152893453
Marin,2013,365,157,206,2,0,0,0,124,66,52,1,1,30,333,0,27.73,684.0,30.900819929999848,-3.1708199299998476
Mariposa,2013,365,128,215,21,0,1,0,255,90,56,0,0,226,138,1,44.32,64.0,44.954573255274624,-0.6345732552746242
Mendocino,2013,331,245,86,0,0,0,0,82,64,29,0,0,29,140,162,57.55,465.0,59.2712737792678,-1.7212737792678041
Merced,2013,364,105,211,43,5,0,0,165,112,62,0,1,179,182,2,81.36,2184.0,73.4153706152105,7.9446293847894935
Mono,2013,365,311,43,6,1,0,4,3479,58,19,0,0,0,36,329,27.99,40.0,42.27881559707911,-14.288815597079111
Monterey,2013,365,251,114,0,0,0,0,97,57,44,0,2,123,225,15,48.36,2093.0,46.506824363699586,1.8531756363004135
Napa,2013,365,150,212,3,0,0,0,119,73,53,0,4,80,281,0,40.52,554.0,42.93987724314596,-2.4198772431459545
Nevada,2013,362,202,139,21,0,0,0,140,92,48,0,0,331,31,0,38.88,342.0,39.13967019199632,-0.2596701919963209
Orange,2013,365,79,274,12,0,0,0,143,75,59,0,18,62,282,3,32.65,9825.0,34.58773186067757,-1.937731860677573
Placer,2013,365,126,222,13,4,0,0,165,84,55,0,3,171,191,0,32.51,1162.0,35.94510630646511,-3.4351063064651086
Plumas,2013,119,55,49,13,2,0,0,166,113,53,0,0,0,119,0,53.06,82.0,56.77190366640106,-3.7119036664010565
Riverside,2013,365,19,210,98,36,0,2,450,151,88,0,0,182,143,40,40.92,9344.0,45.40459088929478,-4.484590889294779
Sacramento,2013,365,131,200,32,2,0,0,154,100,58,0,1,168,192,4,66.19,9558.0,64.42407547212449,1.7659245278755122
San Benito,2013,365,270,90,5,0,0,0,112,64,44,0,0,284,77,4,56.35,312.0,56.099449917912075,0.2505500820879263
San Bernardino,2013,365,35,195,83,49,3,0,218,159,84,2,19,204,127,13,60.4,12750.0,55.4106085233149,4.9893914766851
San Diego,2013,365,23,305,35,1,0,1,630,101,67,8,14,113,204,26,37.91,11724.0,37.012467551932176,0.8975324480678211
San Francisco,2013,365,193,170,2,0,0,0,133,68,48,0,33,58,274,0,40.92,3051.0,42.24832214684974,-1.328322146849736
San Joaquin,2013,365,43,289,24,9,0,0,159,99,62,0,0,51,306,8,66.12,4672.0,64.55211950678557,1.5678804932144317
San Luis Obispo,2013,365,65,286,14,0,0,0,136,90,62,0,0,140,202,23,32.97,768.0,38.441463118232484,-5.471463118232485
San Mateo,2013,365,193,168,4,0,0,0,115,70,49,0,9,62,294,0,34.97,2597.0,36.71475826131853,-1.7447582613185304
Santa Barbara,2013,365,149,213,3,0,0,0,122,65,52,0,1,158,204,2,37.93,1569.0,37.5812781121886,0.3487218878114007
Santa Clara,2013,365,129,228,7,1,0,0,153,80,55,0,0,90,275,0,30.71,5625.0,34.194511586593364,-3.4845115865933636
Santa Cruz,2013,365,249,94,22,0,0,0,149,84,42,0,0,170,195,0,40.23,998.0,37.67865255797615,2.5513474420238467
Shasta,2013,365,294,69,2,0,0,0,105,64,42,0,0,345,19,1,53.0,895.0,49.58557768897444,3.414422311025561
Siskiyou,2013,361,323,34,4,0,0,0,121,51,37,0,0,333,27,1,45.09,176.0,44.21781116337923,0.8721888366207722
Solano,2013,365,161,193,11,0,0,0,132,76,53,0,1,110,254,0,76.74,3141.0,78.09502700376368,-1.3550270037636807
Sonoma,2013,365,240,125,0,0,0,0,86,65,41,0,2,151,210,2,41.32,1969.0,41.18779352935898,0.1322064706410231
Stanislaus,2013,365,117,183,54,11,0,0,170,118,64,0,1,191,172,1,58.76,3111.0,58.611198809487064,0.14880119051293406
Sutter,2013,365,176,180,9,0,0,0,126,84,52,0,4,206,155,0,29.68,285.0,36.323172408846226,-6.643172408846226
Tehama,2013,365,233,121,11,0,0,0,136,76,44,0,0,282,82,1,51.02,305.0,53.442577688974424,-2.422577688974421
Trinity,2013,218,140,62,16,0,0,0,143,97,34,0,0,0,203,15,36.97,43.0,52.718577688974456,-15.748577688974457
Tulare,2013,365,33,194,111,26,1,0,201,143,84,0,0,200,165,0,49.4,2369.0,47.50905783810422,1.8909421618957793
Tuolumne,2013,364,284,78,2,0,0,0,119,64,43,0,0,364,0,0,57.45,278.0,50.658982969102624,6.791017030897379
Ventura,2013,365,116,238,10,1,0,0,159,77,55,0,4,160,197,4,33.73,2775.0,36.73432658054943,-3.0043265805494315
Yolo,2013,365,249,116,0,0,0,0,92,65,42,0,3,238,123,1,38.64,752.0,42.777516020293135,-4.137516020293134
Alameda,2014,365,169,186,10,0,0,0,133,72,52,0,6,88,271,0,64.37,9909.0,57.49938618068075,6.870613819319253
Amador,2014,359,263,86,10,0,0,0,133,80,42,0,0,359,0,0,64.8,227.0,60.88628924395908,3.9137107560409206
Butte,2014,365,127,224,12,2,0,0,156,84,57,0,0,181,184,0,47.25,978.0,47.256024935213695,-0.00602493521369496
Calaveras,2014,361,209,148,4,0,0,0,115,71,47,0,0,224,137,0,54.94,205.0,55.52735534634016,-0.5873553463401606
Colusa,2014,365,163,202,0,0,0,0,99,67,52,0,0,90,274,1,40.16,92.0,47.31752271836376,-7.157522718363765
Contra Costa,2014,365,150,210,5,0,0,0,133,71,53,0,0,84,281,0,64.4,6784.0,61.11808660389501,3.281913396104997
Del Norte,2014,115,108,7,0,0,0,0,60,43,16,0,0,0,115,0,48.71,128.0,57.176064636953996,-8.466064636953995
El Dorado,2014,365,223,96,43,3,0,0,163,105,45,0,0,354,4,7,37.14,602.0,41.15082229514967,-4.010822295149673
Fresno,2014,365,48,193,91,33,0,0,197,148,83,0,0,206,158,1,75.08,7633.0,71.54116147289668,3.538838527103323
Glenn,2014,365,244,120,1,0,0,0,105,61,44,0,0,205,154,6,37.94,109.0,45.23241701502145,-7.292417015021449
Humboldt,2014,365,152,207,5,1,0,0,169,69,53,0,0,54,307,4,68.07,905.0,65.96699843379392,2.103001566206075
Imperial,2014,365,24,287,45,5,2,2,352,112,69,0,0,82,219,64,79.85,1515.0,65.02161522138566,14.828384778614335
Inyo,2014,365,222,128,6,5,1,3,957,84,48,0,0,276,50,39,57.22,92.0,58.42412187193542,-1.2041218719354205
Kern,2014,365,17,188,117,42,0,1,307,154,97,0,0,217,140,8,61.21,5615.0,57.864298010579624,3.3457019894203768
Kings,2014,365,69,219,52,25,0,0,180,126,71,0,0,189,135,41,79.16,1238.0,67.15250951804336,12.007490481956637
Lake,2014,357,333,24,0,0,0,0,93,48,37,0,0,349,7,1,77.65,479.0,80.06228924395913,-2.4122892439591226
Los Angeles,2014,365,8,250,79,26,2,0,205,143,82,0,11,160,192,2,51.98,50852.0,53.517289243959006,-1.537289243959009
Madera,2014,365,63,227,60,15,0,0,179,126,68,0,0,193,166,6,59.9,980.0,60.35044341566222,-0.450443415662221
Marin,2014,365,130,234,1,0,0,0,107,65,53,0,2,22,341,0,26.56,643.0,32.25634647894064,-5.696346478940644
Mariposa,2014,365,160,178,26,1,0,0,153,93,53,0,0,260,102,3,32.8,60.0,45.50322757527779,-12.703227575277793
Mendocino,2014,365,224,141,0,0,0,0,96,62,44,0,0,86,279,0,56.14,462.0,63.45085312949028,-7.310853129490276
Merced,2014,364,120,186,56,2,0,0,157,113,61,0,2,227,133,2,85.26,2329.0,74.36746104968249,10.892538950317515
Mono,2014,365,332,21,1,3,2,6,2739,45,16,0,0,0,52,313,33.12,49.0,42.82746991708228,-9.707469917082285
Monterey,2014,365,285,80,0,0,0,0,100,55,40,0,0,180,170,15,48.0,2095.0,46.85376062646836,1.1462393735316425
Napa,2014,365,111,254,0,0,0,0,90,69,55,0,0,24,341,0,47.79,647.0,44.497121849321154,3.2928781506788454
Nevada,2014,365,211,120,33,1,0,0,168,100,47,0,0,352,13,0,46.29,368.0,40.09176062646831,6.198239373531692
Orange,2014,365,35,309,19,2,0,0,156,87,63,0,13,53,297,2,32.22,9767.0,36.548412581321585,-4.328412581321587
Placer,2014,365,116,221,23,3,2,0,265,97,57,0,0,187,178,0,30.18,1079.0,37.50235091264031,-7.32235091264031
Plumas,2014,127,58,56,10,3,0,0,158,103,52,0,0,0,127,0,41.5,65.0,57.723994100873036,-16.223994100873036
Riverside,2014,365,11,198,122,32,1,1,541,150,93,0,0,193,115,57,41.69,9601.0,47.566989667173196,-5.8769896671731985
Sacramento,2014,365,133,192,40,0,0,0,147,105,55,0,1,207,155,2,68.77,9987.0,64.97272979212767,3.79727020787233
San Benito,2014,365,286,75,4,0,0,0,115,61,42,0,0,320,45,0,54.84,307.0,56.84982229514965,-2.0098222951496467
San Bernardino,2014,365,21,217,83,43,1,0,201,159,82,0,9,199,141,16,59.13,12636.0,56.16098090055247,2.969019099447536
San Diego,2014,365,48,278,37,2,0,0,170,101,65,0,10,160,184,11,36.25,11286.0,37.76283992916975,-1.5128399291697505
San Francisco,2014,365,249,116,0,0,0,0,97,59,39,0,41,102,222,0,41.62,3093.0,41.586668123446465,0.033331876553532425
San Joaquin,2014,365,112,219,33,1,0,0,152,99,58,0,0,173,188,4,63.71,4588.0,64.89905576955434,-1.1890557695543365
San Luis Obispo,2014,365,81,270,14,0,0,0,126,87,60,0,0,115,245,5,36.25,870.0,39.191835495470066,-2.941835495470066
San Mateo,2014,365,278,87,0,0,0,0,99,59,38,1,18,144,202,0,35.71,2647.0,35.64966812344645,0.06033187655354766
Santa Barbara,2014,365,161,198,4,2,0,0,159,66,52,0,1,143,217,4,37.94,1571.0,38.73508660389499,-0.795086603894994
Santa Clara,2014,365,216,141,7,1,0,0,154,71,46,0,12,140,212,1,30.47,5643.0,33.5328575631901,-3.0628575631901
Santa Cruz,2014,365,256,97,12,0,0,0,136,70,39,0,0,189,176,0,37.0,925.0,38.22730687797932,-1.2273068779793235
Shasta,2014,365,272,87,6,0,0,0,126,71,43,0,0,349,14,2,65.02,1095.0,50.94110423791523,14.078895762084763
Siskiyou,2014,363,330,31,0,2,0,0,162,50,37,0,0,343,18,2,48.73,192.0,45.37161965508562,3.35838034491438
Solano,2014,365,171,191,3,0,0,0,124,69,51,0,1,89,275,0,81.01,3321.0,78.84539938100124,2.1646006189987617
Sonoma,2014,365,257,108,0,0,0,0,83,58,42,0,0,147,216,2,39.79,1895.0,42.543320078299764,-2.7533200782997653
Stanislaus,2014,365,112,194,53,6,0,0,164,114,60,0,0,211,152,2,63.99,3421.0,58.95813507225583,5.031864927744174
Sutter,2014,365,132,220,12,1,0,0,156,84,55,0,3,141,220,1,38.09,372.0,38.08213507225584,0.007864927744165584
Tehama,2014,364,227,121,15,1,0,0,151,80,45,0,0,320,43,1,53.76,326.0,54.798104237915226,-1.0381042379152277
Trinity,2014,112,102,10,0,0,0,0,90,44,12,0,0,0,112,0,74.53,78.0,49.43458892152391,25.09541107847609
Tulare,2014,365,44,197,97,27,0,0,172,145,84,0,0,199,165,1,48.97,2373.0,48.66286632981061,0.307133670189387
Tuolumne,2014,334,214,104,16,0,0,0,133,87,46,0,0,334,0,0,49.44,242.0,52.41794563251223,-2.977945632512231
Ventura,2014,365,101,249,15,0,0,0,150,87,58,0,1,174,186,4,34.45,2855.0,38.49328924395903,-4.04328924395903
Yolo,2014,365,215,149,1,0,0,0,101,63,46,0,2,163,200,0,42.26,813.0,44.738196740937155,-2.4781967409371575
Alameda,2015,365,146,207,12,0,0,0,147,79,54,0,6,117,242,0,64.22,9929.0,58.25225542086662,5.967744579133381
Amador,2015,364,283,73,8,0,0,0,140,67,41,0,0,364,0,0,58.2,195.0,61.03400431244173,-2.834004312441728
Butte,2015,365,138,214,12,1,0,0,153,84,55,0,0,198,166,1,50.17,1043.0,47.20202194646194,2.9679780535380615
Calaveras,2015,365,216,127,18,1,1,2,390,90,47,0,0,250,115,0,48.09,185.0,55.876788472057214,-7.786788472057211
Colusa,2015,365,141,218,4,1,1,0,208,73,53,0,0,89,274,2,41.69,97.0,47.86867390131522,-6.178673901315221
Contra Costa,2015,365,193,164,8,0,0,0,147,70,48,0,0,138,227,0,65.07,6854.0,60.458929443440034,4.611070556559959
Del Norte,2015,114,101,13,0,0,0,0,72,51,20,0,0,0,114,0,52.97,139.0,58.33236999160867,-5.362369991608674
El Dorado,2015,365,238,103,22,2,0,0,166,93,44,0,0,347,8,10,36.37,592.0,41.29853736363232,-4.928537363632323
Fresno,2015,365,38,225,78,23,1,0,205,136,80,0,0,203,158,4,76.95,7933.0,71.28544042691051,5.664559573089491
Glenn,2015,365,221,144,0,0,0,0,93,68,46,0,0,206,148,11,42.76,122.0,45.98528625520732,-3.2252862552073225
Humboldt,2015,365,241,124,0,0,0,0,91,59,40,0,0,145,216,4,63.21,832.0,63.6940968154637,-0.4840968154637011
Imperial,2015,365,49,274,39,3,0,0,184,105,66,0,1,113,178,73,71.02,1386.0,64.7658941753995,6.254105824600501
Inyo,2015,365,191,153,12,6,0,3,1482,90,49,0,0,265,55,45,54.03,88.0,58.97527305488688,-4.945273054886876
Kern,2015,365,23,220,93,28,1,0,201,146,84,0,0,208,154,3,62.17,5850.0,55.5913963922494,6.578603607750601
Kings,2015,365,72,223,60,10,0,0,182,119,74,0,0,179,153,33,78.38,1246.0,68.10709681546363,10.27290318453636
Lake,2015,363,351,11,1,0,0,0,148,47,36,0,0,359,4,0,80.61,478.0,80.21000431244178,0.39999568755821713
Los Angeles,2015,365,3,230,95,36,1,0,203,151,80,0,16,167,180,2,52.97,52115.0,53.46328625520725,-0.4932862552072521
Madera,2015,365,78,240,43,4,0,0,156,105,64,0,0,193,158,14,62.21,1029.0,59.89300431244165,2.3169956875583537
Marin,2015,365,226,137,2,0,0,0,103,64,43,1,12,128,224,0,22.16,541.0,30.58859903231364,-8.428599032313638
Mariposa,2015,365,220,134,6,4,1,0,240,84,47,0,0,289,67,9,47.7,79.0,44.64235235758841,3.0576476424115953
Mendocino,2015,365,213,148,2,2,0,0,164,61,46,0,0,64,301,0,57.41,478.0,64.20372236967614,-6.793722369676146
Merced,2015,365,107,213,41,4,0,0,159,105,61,0,0,188,177,0,87.2,2420.0,74.71689417539955,12.483105824600457
Mono,2015,365,318,28,2,4,1,12,4384,54,15,0,0,0,47,318,32.21,43.0,42.97518498556493,-10.765184985564929
Monterey,2015,365,285,79,1,0,0,0,120,54,41,0,1,169,183,12,50.12,2192.0,47.40491180941982,2.7150881905801754
Napa,2015,365,158,206,1,0,0,0,108,72,53,1,1,104,257,2,41.58,569.0,44.4431188605694,-2.8631188605694007
Nevada,2015,364,213,120,29,2,0,0,166,93,48,0,0,350,14,0,42.59,350.0,40.64291180941977,1.9470881905802315
Orange,2015,365,57,287,19,2,0,0,156,87,61,0,18,79,267,1,33.77,10260.0,36.49440959256983,-2.7244095925698275
Placer,2015,365,179,177,8,1,0,0,189,77,51,0,5,146,214,0,31.35,1123.0,36.64147569495093,-5.291475694950925
Plumas,2015,132,52,66,10,4,0,0,159,102,56,0,0,0,132,0,55.71,98.0,58.88029945552772,-3.1702994555277186
Riverside,2015,365,19,206,106,32,2,0,238,150,88,0,0,178,131,56,43.08,10095.0,46.90783250671822,-3.8278325067182237
Sacramento,2015,365,101,237,24,3,0,0,172,93,58,0,1,146,218,0,69.13,10100.0,65.92731708954793,3.2026829104520687
San Benito,2015,365,303,62,0,0,0,0,93,58,40,0,0,314,50,1,50.0,284.0,56.795819306397895,-6.795819306397895
San Bernardino,2015,365,14,221,88,37,5,0,223,154,84,0,18,190,151,6,59.21,12741.0,56.91385014073834,2.2961498592616607
San Diego,2015,365,46,278,40,1,0,0,156,102,65,0,1,160,202,2,36.95,11629.0,38.112273054886806,-1.1622730548868034
San Francisco,2015,365,246,119,0,0,0,0,100,61,39,0,41,134,190,0,41.06,3136.0,41.93610124916352,-0.8761012491635185
San Joaquin,2015,365,83,246,32,4,0,0,164,100,60,0,0,122,239,4,65.96,4789.0,65.65192500974021,0.308074990259783
San Luis Obispo,2015,365,95,265,5,0,0,0,126,80,58,0,0,129,229,7,40.05,949.0,39.137832506718304,0.912167493281693
San Mateo,2015,365,297,67,1,0,0,0,101,56,35,1,22,198,144,0,36.36,2688.0,35.39394707746029,0.9660529225397099
Santa Barbara,2015,365,168,196,1,0,0,0,101,69,51,0,3,160,200,2,40.63,1731.0,38.88280167237764,1.747198327622364
Santa Clara,2015,365,179,179,7,0,0,0,147,71,51,0,6,120,239,0,35.04,6514.0,34.890880975079185,0.14911902492081452
Santa Cruz,2015,365,282,83,0,0,0,0,95,59,38,0,0,187,178,0,36.24,905.0,38.37502194646197,-2.1350219464619684
Shasta,2015,365,252,100,12,1,0,0,157,84,44,0,0,351,14,0,60.21,1010.0,51.49225542086669,8.71774457913331
Siskiyou,2015,362,330,28,4,0,0,0,139,49,36,0,0,331,29,2,47.22,176.0,45.51933472356827,1.700665276431728
Solano,2015,365,186,175,4,0,0,0,118,74,50,0,6,142,216,1,83.0,3407.0,78.9931144494839,4.0068855505161025
Sonoma,2015,365,293,72,0,0,0,0,90,58,37,0,0,215,148,2,40.01,1927.0,41.88416291784479,-1.8741629178447923
Stanislaus,2015,365,92,225,43,5,0,0,187,112,62,0,0,164,194,7,60.63,3279.0,59.711004312441695,0.9189956875583078
Sutter,2015,365,157,200,8,0,0,0,119,86,54,1,0,182,182,0,33.88,335.0,38.22985014073848,-4.349850140738475
Tehama,2015,365,223,123,18,1,0,0,154,87,47,0,0,304,59,2,52.4,321.0,55.55097347810109,-3.1509734781010934
Trinity,2015,68,67,1,0,0,0,0,56,29,12,0,0,0,68,0,60.99,67.0,49.78402204724097,11.205977952759035
Tulare,2015,365,29,238,78,20,0,0,176,143,80,0,0,191,171,3,51.27,2541.0,48.20542722659004,3.0645727734099637
Tuolumne,2015,364,264,89,11,0,0,0,126,77,43,0,0,364,0,0,53.24,257.0,52.162224586526065,1.0777754134739368
Ventura,2015,365,119,233,13,0,0,0,126,85,56,0,2,162,198,3,35.2,2927.0,38.43928625520728,-3.2392862552072756
Yolo,2015,365,185,176,4,0,0,0,103,77,50,0,1,160,204,0,44.07,851.0,45.894502095591825,-1.824502095591825
Alameda,2016,366,155,196,13,2,0,0,154,74,52,0,2,123,241,0,57.7,9073.0,53.64190217012374,4.05809782987626
Amador,2016,366,304,57,5,0,0,0,115,64,37,0,0,366,0,0,61.35,186.0,56.02021494723004,5.329785052769964
Butte,2016,366,115,235,16,0,0,0,127,87,57,0,0,143,223,0,37.89,766.0,43.398540924656686,-5.508540924656685
Calaveras,2016,366,195,149,22,0,0,0,150,87,49,0,0,240,125,1,45.15,171.0,52.07330745025196,-6.923307450251961
Colusa,2016,366,222,144,0,0,0,0,92,64,45,0,0,179,174,13,29.58,67.0,42.048012307165905,-12.468012307165907
Contra Costa,2016,366,210,153,3,0,0,0,143,63,46,0,0,137,229,0,56.61,6008.0,55.84857619269715,0.7614238073028474
Del Norte,2016,177,156,21,0,0,0,0,69,52,26,0,0,0,177,0,70.77,171.0,55.33576119874105,15.43423880125895
El Dorado,2016,366,221,102,31,12,0,0,172,105,45,0,0,363,3,0,35.44,564.0,37.293338284592664,-1.8533382845926667
Fresno,2016,366,62,199,80,25,0,0,190,140,76,0,0,193,163,10,67.36,6922.0,66.27165106169882,1.0883489383011806
Glenn,2016,362,194,168,0,0,0,0,92,64,48,0,0,137,221,4,36.33,103.0,42.181805233402066,-5.851805233402068
Humboldt,2016,366,288,78,0,0,0,0,77,57,38,0,1,192,169,4,64.47,814.0,59.08374356472083,5.386256435279172
Imperial,2016,366,64,257,39,3,1,2,546,105,61,0,2,118,156,90,66.2,1286.0,59.55038675295341,6.649613247046595
Inyo,2016,366,238,105,15,4,1,3,418,87,45,0,0,301,29,36,53.88,90.0,53.96148368967519,-0.08148368967518849
Kern,2016,366,46,204,102,14,0,0,169,136,80,0,0,211,148,7,54.29,4986.0,50.57760702703771,3.7123929729622915
Kings,2016,366,61,231,71,3,0,0,156,115,72,0,0,164,155,47,64.83,1024.0,63.49674356472075,1.333256435279246
Lake,2016,365,356,9,0,0,0,0,74,44,33,0,0,363,2,0,79.39,487.0,75.39793300446449,3.9920669955355095
Los Angeles,2016,366,7,255,81,19,4,0,226,134,77,0,23,152,190,1,51.19,50476.0,48.65121494722997,2.538785052770031
Madera,2016,366,91,225,47,3,0,0,156,105,63,0,0,187,167,12,60.05,954.0,55.48436911893318,4.5656308810668165
Marin,2016,366,296,70,0,0,0,0,90,55,36,0,4,137,225,0,23.09,543.0,24.969655495398726,-1.8796554953987261
Mariposa,2016,366,197,149,19,1,0,0,159,93,48,0,0,242,114,10,45.2,66.0,40.63715327854875,4.562846721451251
Mendocino,2016,364,287,77,0,0,0,0,70,54,39,0,0,105,258,1,56.08,448.0,58.58477883276124,-2.5047788327612395
Merced,2016,366,115,216,33,2,0,0,151,100,58,0,0,178,186,2,79.01,2207.0,69.90482286742225,9.10517713257775
Mono,2016,366,312,21,3,6,0,24,7063,63,18,0,0,0,37,329,28.06,33.0,39.373422020994084,-11.313422020994086
Monterey,2016,366,290,65,3,8,0,0,185,55,37,0,0,203,140,23,44.19,1953.0,42.39112244420812,1.7988775557918757
Napa,2016,366,219,147,0,0,0,0,90,61,44,0,0,104,261,1,33.48,439.0,38.420739209185676,-4.940739209185679
Nevada,2016,366,232,89,40,5,0,0,179,101,45,0,0,353,13,0,33.6,267.0,35.83084050144249,-2.2308405014424864
Orange,2016,366,87,264,13,2,0,0,169,88,58,0,16,118,231,1,29.17,8861.0,31.682338284592543,-2.5123382845925413
Placer,2016,366,187,159,17,3,0,0,166,80,50,0,5,174,187,0,28.25,967.0,32.23284050144245,-3.9828405014424533
Plumas,2016,355,203,141,10,1,0,0,152,76,43,0,0,0,355,0,61.47,99.0,52.051047575206375,9.418952424793623
Riverside,2016,366,23,214,86,37,4,2,379,154,83,0,0,190,128,48,41.36,9576.0,41.69232508427213,-0.3323250842721279
Sacramento,2016,366,136,191,33,6,0,0,172,101,55,0,0,172,194,0,60.63,8938.0,61.11524578157065,-0.48524578157064724
San Benito,2016,366,298,63,5,0,0,0,126,61,39,0,0,325,41,0,48.56,267.0,52.38718411288942,-3.8271841128894195
San Bernardino,2016,366,9,219,78,48,12,0,217,172,84,0,19,182,157,8,51.78,11302.0,52.706933004464275,-0.9269330044642743
San Diego,2016,366,30,294,40,2,0,0,164,105,68,0,2,176,188,0,30.96,10056.0,34.510510090315954,-3.550510090315953
San Francisco,2016,366,236,130,0,0,0,0,71,58,41,1,26,115,224,0,38.44,2987.0,38.132620227358274,0.307379772641724
San Joaquin,2016,366,62,278,25,1,0,0,166,93,60,0,1,94,270,1,57.37,4233.0,61.44500787346614,-4.0750078734661415
San Luis Obispo,2016,366,140,217,8,1,0,0,156,84,55,0,0,206,143,17,37.97,924.0,34.32576119874102,3.644238801258979
San Mateo,2016,366,214,152,0,0,0,0,70,59,47,1,14,80,271,0,32.35,2377.0,33.607646627999095,-1.2576466279990939
Santa Barbara,2016,366,191,163,9,2,0,1,313,69,50,0,0,172,166,28,37.65,1638.0,34.474166478869165,3.1758335211308335
Santa Clara,2016,366,187,178,1,0,0,0,101,64,50,0,4,95,267,0,29.02,5522.0,30.482245781570708,-1.462245781570708
Santa Cruz,2016,366,306,60,0,0,0,0,76,54,35,0,0,162,204,0,34.4,862.0,33.562950638484686,0.8370493615153123
Shasta,2016,366,296,56,14,0,0,0,140,74,41,0,0,358,8,0,46.21,724.0,46.680184112889414,-0.4701841128894131
Siskiyou,2016,362,351,11,0,0,0,0,93,44,27,0,0,335,27,0,33.72,128.0,39.49695507218455,-5.776955072184549
Solano,2016,366,213,151,2,0,0,0,105,65,47,0,3,137,226,0,80.45,3340.0,74.1810431415066,6.268956858493397
Sonoma,2016,366,323,43,0,0,0,0,87,51,34,0,0,265,99,2,36.56,1681.0,37.072091609867506,-0.5120916098675039
Stanislaus,2016,366,102,221,40,3,0,0,164,103,59,0,0,163,202,1,51.13,2757.0,54.89893300446441,-3.768933004464408
Sutter,2016,366,115,219,32,0,0,0,147,97,58,0,0,158,208,0,33.39,322.0,34.82980523340204,-1.4398052334020406
Tehama,2016,366,218,106,37,5,0,0,174,108,45,0,0,307,58,1,55.95,335.0,50.94062022735822,5.009379772641786
Trinity,2016,167,83,84,0,0,0,0,97,73,51,0,0,0,167,0,52.46,55.0,53.44410914310874,-0.9841091431087392
Tulare,2016,366,55,187,102,22,0,0,177,145,77,0,0,199,164,3,40.53,1979.0,43.393355918612755,-2.863355918612754
Tuolumne,2016,354,223,86,38,7,0,0,164,108,44,0,0,354,0,0,46.97,224.0,48.1570255074864,-1.1870255074864033
Ventura,2016,366,120,237,9,0,0,0,147,84,56,0,0,138,224,4,32.31,2613.0,34.23236911893321,-1.9223691189332044
Yolo,2016,366,246,116,4,0,0,0,115,64,43,0,1,216,148,1,38.19,768.0,40.27555855867692,-2.0855585586769223
Alameda,2017,365,106,245,9,4,1,0,205,78,56,0,6,51,308,0,56.04,8916.0,56.69347809051373,-0.6534780905137296
Amador,2017,362,291,67,4,0,0,0,136,64,38,0,0,362,0,0,56.02,175.0,58.466636695916804,-2.4466366959168013
Butte,2017,365,100,241,23,1,0,0,155,95,59,0,0,150,213,2,45.29,935.0,46.046680730577854,-0.7566807305778553
Calaveras,2017,354,118,222,12,2,0,0,172,87,57,0,0,198,155,1,54.51,197.0,55.93175559957957,-1.4217555995795692
Colusa,2017,365,237,120,7,0,1,0,213,67,43,0,0,168,179,18,28.28,62.0,43.88927988414945,-15.609279884149451
Contra Costa,2017,365,131,222,8,4,0,0,175,76,54,0,0,55,310,0,62.21,6697.0,59.70702434202475,2.5029756579752487
Del Norte,2017,298,241,55,0,1,1,0,251,56,27,0,0,0,298,0,59.78,148.0,57.782182947427806,1.997817052572195
El Dorado,2017,362,235,96,31,0,0,0,147,100,45,0,0,327,7,28,40.66,649.0,39.53804197604502,1.1219580239549742
Fresno,2017,365,76,169,93,26,1,0,207,140,75,0,2,212,140,11,75.31,7775.0,68.31463669591678,6.995363304083227
Glenn,2017,365,231,127,7,0,0,0,150,63,46,0,0,144,185,36,45.63,129.0,44.023072810385614,1.6069271896143889
Humboldt,2017,365,298,59,5,3,0,0,180,61,37,1,1,230,123,10,66.62,848.0,61.126729198938776,5.493270801061229
Imperial,2017,365,73,250,37,2,2,1,328,104,64,0,2,139,163,61,65.49,1290.0,62.40024461610898,3.089755383891017
Inyo,2017,365,195,145,16,3,0,6,2234,87,49,0,0,256,58,51,71.14,110.0,57.01305961006517,14.12694038993483
Kern,2017,365,59,167,115,24,0,0,197,140,85,0,0,236,121,8,52.13,4840.0,53.830901004662095,-1.700901004662093
Kings,2017,365,82,212,50,21,0,0,192,125,72,0,0,185,145,35,67.87,1072.0,65.74144725617312,2.128552743826887
Lake,2017,362,350,10,1,1,0,0,172,44,35,0,0,346,15,1,79.75,481.0,78.04607281038567,1.7039271896143333
Los Angeles,2017,365,9,237,73,38,8,0,224,156,79,0,20,156,189,0,49.85,49365.0,51.29935475315114,-1.449354753151141
Madera,2017,365,117,200,42,6,0,0,166,105,62,0,1,210,139,15,61.78,978.0,57.52735475315113,4.252645246848871
Marin,2017,365,224,133,5,3,0,0,164,62,44,0,6,86,273,0,23.33,563.0,28.828103644726333,-5.498103644726335
Mariposa,2017,365,146,179,31,9,0,0,189,101,54,0,0,216,149,0,46.04,63.0,44.09216531340754,1.9478346865924578
Mendocino,2017,365,226,131,7,0,1,0,203,70,45,0,0,107,255,3,70.37,563.0,62.039790867620034,8.33020913237997
Merced,2017,364,127,203,31,3,0,0,161,100,58,0,0,173,189,2,73.9,2063.0,72.14952655887461,1.7504734411253935
Mono,2017,365,300,40,5,1,4,15,3767,63,18,0,0,0,40,325,31.92,40.0,41.61812571244644,-9.69812571244644
Monterey,2017,365,265,99,1,0,0,0,121,58,41,0,0,188,150,27,42.82,1913.0,45.44269836459811,-2.622698364598108
Napa,2017,365,137,214,7,5,2,0,274,71,53,1,1,37,326,0,39.65,535.0,42.48090541574769,-2.8309054157476936
Nevada,2017,365,194,90,62,19,0,0,185,133,49,0,0,343,22,0,38.34,306.0,38.88241642183247,-0.5424164218324634
Orange,2017,365,86,247,30,2,0,0,151,97,59,0,15,138,209,3,29.65,9069.0,34.128760033279306,-4.478760033279308
Placer,2017,365,211,145,7,2,0,0,156,77,46,0,5,224,134,2,34.6,1191.0,33.67067196395719,0.9293280360428113
Plumas,2017,351,184,142,17,8,0,0,189,90,47,0,0,0,351,0,62.32,86.0,55.102623495596355,7.217376504403646
Riverside,2017,365,26,188,100,43,6,2,359,161,87,0,1,213,120,31,43.06,10057.0,44.743901004662106,-1.6839010046621041
Sacramento,2017,365,105,225,33,2,0,0,164,100,60,0,0,146,215,4,68.18,10105.0,64.36853975919504,3.811460240804962
San Benito,2017,365,284,79,2,0,0,0,117,64,41,0,0,311,51,3,60.76,339.0,55.0353239188106,5.724676081189401
San Bernardino,2017,365,9,209,73,51,23,0,233,185,84,0,8,203,140,14,51.21,11181.0,54.95163669591663,-3.7416366959166325
San Diego,2017,365,41,262,56,6,0,0,174,112,68,0,0,203,162,0,31.65,10323.0,36.75521378176831,-5.105213781768313
San Francisco,2017,365,211,147,7,0,0,0,136,67,44,0,28,103,234,0,41.74,3240.0,40.982478090513844,0.757521909486158
San Joaquin,2017,365,141,191,33,0,0,0,146,100,55,0,2,153,202,8,65.61,4869.0,62.68112127874647,2.9288787212535325
San Luis Obispo,2017,365,107,250,8,0,0,0,133,82,58,0,0,158,187,20,33.13,799.0,37.1756190618966,-4.045619061896595
San Mateo,2017,365,238,120,4,3,0,0,155,62,42,0,13,123,229,0,31.63,2342.0,34.84376003327942,-3.2137600332794243
Santa Barbara,2017,365,181,167,6,8,2,1,313,74,51,0,0,169,187,9,33.48,1467.0,36.92058822755593,-3.440588227555935
Santa Clara,2017,365,174,179,9,3,0,0,182,75,52,0,5,132,228,0,30.52,5849.0,33.13038558749188,-2.61038558749188
Santa Cruz,2017,365,269,92,4,0,0,0,130,61,39,0,0,176,189,0,29.88,770.0,36.614526558874665,-6.734526558874666
Shasta,2017,365,260,91,12,2,0,0,159,84,44,0,0,348,17,0,45.19,720.0,49.530041976044984,-4.340041976044986
Siskiyou,2017,225,198,23,3,1,0,0,167,57,28,0,0,134,91,0,42.03,159.0,41.943376820871315,0.08662317912868644
Solano,2017,365,173,182,5,5,0,0,184,73,52,0,2,121,242,0,91.11,3844.0,77.434337119131,13.675662880868998
Sonoma,2017,365,267,93,2,3,0,0,169,60,41,0,0,186,178,1,41.34,1937.0,40.72882170196071,0.6111782980392917
Stanislaus,2017,365,127,175,55,8,0,0,185,112,61,0,1,207,150,7,56.49,3070.0,57.547072810385586,-1.0570728103855842
Sutter,2017,365,128,228,9,0,0,0,130,84,56,0,0,134,228,3,31.53,300.0,36.67107281038559,-5.141072810385587
Tehama,2017,365,237,119,6,3,0,0,172,77,42,0,0,277,88,0,59.26,348.0,52.58016974710735,6.67983025289265
Trinity,2017,203,76,116,6,1,1,3,844,91,57,0,0,0,203,0,50.16,55.0,56.89912117796753,-6.739121177967533
Tulare,2017,365,67,171,96,31,0,0,174,147,81,0,0,211,147,7,43.28,2132.0,46.444931839002734,-3.1649318390027332
Tuolumne,2017,362,231,106,25,0,0,0,143,93,44,0,0,362,0,0,53.54,244.0,50.40172919893876,3.138270801061239
Ventura,2017,365,117,215,20,6,5,2,961,100,57,0,0,176,182,7,34.62,2826.0,36.67879086761997,-2.058790867619976
Yolo,2017,365,228,130,6,1,0,0,154,71,45,0,0,223,141,1,43.1,890.0,42.92369836459809,0.1763016354019129
Alameda,2018,365,77,271,5,9,3,0,248,79,57,0,1,22,342,0,48.4,7778.0,52.149535770389704,-3.7495357703897056
Amador,2018,364,288,70,6,0,0,0,129,71,40,0,0,364,0,0,43.83,137.0,54.12441243302719,-10.29441243302719
Butte,2018,365,97,228,22,10,3,5,682,104,59,0,0,148,216,1,42.13,906.0,41.30102035321943,0.8289796467805743
Calaveras,2018,364,52,292,14,6,0,0,160,87,58,0,0,71,293,0,51.8,185.0,51.38781327945555,0.4121867205444474
Colusa,2018,365,206,131,10,17,1,0,299,84,46,0,0,138,210,17,53.47,118.0,39.748773678494246,13.721226321505753
Contra Costa,2018,365,111,236,7,8,3,0,270,74,55,0,0,45,320,0,55.1,5991.0,55.163082021900735,-0.06308202190073331
Del Norte,2018,180,134,46,0,0,0,0,80,58,33,0,0,0,180,0,53.22,132.0,54.24683091347582,-1.0268309134758198
El Dorado,2018,365,221,107,27,9,1,0,203,101,45,0,0,347,9,9,34.19,564.0,34.792381598686596,-0.6023815986865984
Fresno,2018,365,61,206,79,19,0,0,185,133,75,0,0,210,151,4,66.96,6928.0,63.56897631855835,3.391023681441645
Glenn,2018,363,242,105,9,6,1,0,255,71,39,0,0,130,185,48,35.88,101.0,37.86538603238634,-1.9853860323863373
Humboldt,2018,365,301,58,5,1,0,0,167,58,35,0,2,231,117,15,53.04,686.0,55.97763270711154,-2.93763270711154
Imperial,2018,365,67,248,41,7,2,0,286,108,64,0,4,103,164,94,57.85,1146.0,57.65458423875056,0.1954157612494427
Inyo,2018,365,192,136,26,7,2,2,638,101,49,0,0,291,44,30,49.03,81.0,52.267399232706744,-3.2373992327067427
Kern,2018,365,45,190,103,27,0,0,190,142,84,0,0,226,126,13,46.18,4290.0,48.88352257006927,-2.7035225700692678
Kings,2018,365,68,239,49,9,0,0,190,114,70,0,0,161,160,44,53.69,832.0,60.59235076434587,-6.902350764345876
Lake,2018,357,344,10,1,1,1,0,233,43,33,0,0,343,12,2,86.34,503.0,72.89697631855843,13.443023681441574
Los Angeles,2018,365,7,250,89,18,1,0,201,130,78,0,22,153,189,1,47.03,46644.0,46.35197631855831,0.6780236814416938
Madera,2018,365,122,208,30,5,0,0,169,100,58,0,0,181,160,24,50.88,812.0,51.97482214685508,-1.0948221468550798
Marin,2018,365,235,117,3,9,1,0,243,63,43,0,11,85,269,0,24.14,583.0,23.880725210133498,0.25927478986650243
Mariposa,2018,365,156,169,10,13,15,2,352,108,53,0,0,226,139,0,47.31,68.0,39.14478687881471,8.165213121185289
Mendocino,2018,364,217,126,13,6,1,1,376,69,46,0,0,81,282,1,61.89,504.0,57.49584854749602,4.3941514525039835
Merced,2018,365,110,214,32,9,0,0,178,101,56,0,1,139,224,1,59.87,1704.0,67.00043006704738,-7.130430067047378
Mono,2018,365,252,84,14,10,3,2,1049,85,27,0,0,0,234,131,54.77,65.0,38.68792785019767,16.082072149802336
Monterey,2018,365,258,100,5,2,0,0,157,57,42,0,0,149,189,27,36.09,1613.0,40.898756044474084,-4.80875604447408
Napa,2018,364,210,142,4,8,0,0,195,65,46,1,1,99,262,1,37.03,510.0,36.323218637748425,0.7067813622515757
Nevada,2018,363,231,104,19,7,2,0,218,87,45,0,0,311,52,0,26.02,219.0,33.32988381553641,-7.309883815536413
Orange,2018,365,114,233,15,3,0,0,160,86,54,0,17,114,231,3,26.45,8168.0,28.374509369748846,-1.9245093697488471
Placer,2018,365,213,127,16,7,2,0,248,84,46,0,12,176,174,3,32.86,1151.0,28.92501158659876,3.934988413401239
Plumas,2018,350,186,154,8,2,0,0,162,85,47,0,0,0,350,0,61.1,92.0,50.35696311823793,10.743036881762073
Riverside,2018,365,32,193,102,32,6,0,296,153,87,0,1,210,117,37,37.73,8910.0,39.99824062730368,-2.2682406273036833
Sacramento,2018,365,104,226,22,6,5,2,376,100,58,0,1,131,229,4,64.1,9633.0,59.2194432673678,4.8805567326321935
San Benito,2018,365,270,84,11,0,0,0,143,63,42,0,0,286,78,1,56.48,318.0,50.49138159868657,5.988618401313424
San Bernardino,2018,365,14,197,96,51,7,0,221,164,89,0,5,197,159,4,47.22,10331.0,51.21456660473024,-3.994566604730238
San Diego,2018,365,28,302,35,0,0,0,143,100,67,0,0,162,203,0,28.69,9424.0,31.80783534717548,-3.117835347175479
San Francisco,2018,365,222,129,2,10,2,0,252,66,44,1,23,86,254,1,36.18,2854.0,36.23681771315542,-0.05681771315541795
San Joaquin,2018,365,91,241,20,8,4,1,365,99,59,0,0,85,276,4,60.31,4519.0,58.74233313032566,1.5676668696743405
San Luis Obispo,2018,365,147,209,9,0,0,0,133,77,53,0,0,172,168,25,28.06,692.0,31.42136839836614,-3.3613683983661424
San Mateo,2018,365,236,116,3,10,0,0,197,61,42,0,13,90,262,0,27.38,2050.0,30.098099655920993,-2.7180996559209945
Santa Barbara,2018,365,173,190,2,0,0,0,114,67,51,0,0,167,188,10,27.37,1207.0,32.174927850197506,-4.804927850197505
Santa Clara,2018,365,154,194,6,9,2,0,214,72,53,0,2,94,269,0,26.25,5084.0,28.586443267367855,-2.336443267367855
Santa Cruz,2018,365,273,82,5,5,0,0,177,56,41,0,0,136,229,0,27.79,721.0,32.27230229598506,-4.482302295985058
Shasta,2018,365,272,72,15,5,1,0,206,84,43,0,0,341,23,1,38.38,604.0,44.582663541452156,-6.202663541452154
Siskiyou,2018,365,247,78,16,21,3,0,219,119,42,0,0,214,151,0,34.12,138.0,40.02176924479457,-5.901769244794572
Solano,2018,365,184,166,3,11,1,0,272,69,50,0,1,120,244,0,79.02,3344.0,72.28524062730376,6.734759372696232
Sonoma,2018,365,304,48,3,8,2,0,250,57,39,0,2,232,130,1,37.71,1766.0,35.57972521013347,2.130274789866533
Stanislaus,2018,365,109,209,32,11,4,0,265,108,59,0,1,153,206,5,52.66,2899.0,52.39797631855834,0.26202368144165433
Sutter,2018,365,94,236,22,6,6,1,420,100,58,0,0,101,263,1,29.8,291.0,32.32884854749597,-2.528848547495972
Tehama,2018,365,208,128,16,12,1,0,206,96,48,0,0,224,141,0,48.01,288.0,49.04481771315536,-1.0348177131553626
Trinity,2018,291,117,155,12,5,2,0,209,82,54,0,0,0,291,0,59.8,57.0,51.548306628905884,8.251693371094113
Tulare,2018,365,50,194,95,26,0,0,180,140,79,0,0,207,152,6,32.11,1598.0,41.2958353471755,-9.185835347175498
Tuolumne,2018,348,254,73,20,1,0,0,154,80,43,0,0,348,0,0,47.32,220.0,45.45435076434593,1.8656492356540681
Ventura,2018,365,94,254,16,1,0,0,166,88,57,0,0,116,238,11,30.31,2465.0,31.933130490261544,-1.6231304902615449
Yolo,2018,365,216,135,5,7,2,0,260,71,45,0,0,198,167,0,38.93,804.0,38.17803798723966,0.7519620127603375
Alameda,2019,365,183,174,8,0,0,0,150,67,50,0,11,94,260,0,46.34,7432.0,51.298313100742554,-4.958313100742551
Amador,2019,355,308,45,2,0,0,0,115,51,39,0,0,355,0,0,52.68,169.0,54.48349810678647,-1.8034981067864706
Butte,2019,365,171,189,3,2,0,0,180,71,51,0,0,121,243,1,37.77,752.0,40.248079626337876,-2.4780796263378733
Calaveras,2019,360,288,71,1,0,0,0,108,60,43,0,0,297,62,1,58.8,199.0,48.92284615193315,9.877153848066847
Colusa,2019,365,260,105,0,0,0,0,85,61,41,0,0,152,173,40,47.17,103.0,39.300987123315906,7.869012876684096
Contra Costa,2019,365,238,123,4,0,0,0,129,64,43,0,3,171,190,1,54.97,5888.0,53.303269066081555,1.6667309339184442
Del Norte,2019,248,210,38,0,0,0,0,74,53,26,0,0,0,248,0,48.0,117.0,53.39560824382867,-5.3956082438286685
El Dorado,2019,365,273,86,6,0,0,0,122,74,43,0,0,353,3,9,33.25,539.0,34.949749215211476,-1.699749215211476
Fresno,2019,365,113,186,64,2,0,0,187,115,63,0,1,229,118,17,63.37,6588.0,61.70916336273917,1.6608366372608288
Glenn,2019,362,274,88,0,0,0,0,86,58,42,0,0,232,119,11,40.41,118.0,39.03134393508325,1.378656064916747
Humboldt,2019,363,340,23,0,0,0,0,69,44,28,2,1,253,70,37,49.54,614.0,55.12641003746439,-5.58641003746439
Imperial,2019,365,94,250,19,2,0,0,185,93,61,0,0,185,128,52,61.9,1197.0,57.61023379804103,4.289766201958969
Inyo,2019,365,226,127,6,2,1,3,653,84,47,0,0,313,23,29,60.97,92.0,52.424766849231624,8.545233150768375
Kern,2019,365,91,179,87,6,1,1,553,122,69,0,1,228,108,28,46.57,4278.0,46.41855544254687,0.15144455745313223
Kings,2019,365,123,201,37,2,0,2,508,105,58,0,0,166,130,69,47.49,752.0,58.73253780852669,-11.242537808526691
Lake,2019,360,360,0,0,0,0,0,50,42,31,0,0,351,8,1,90.9,508.0,73.0543439350833,17.84565606491671
Los Angeles,2019,365,34,245,57,28,1,0,201,136,72,0,24,166,170,5,47.95,46731.0,45.70247170614556,2.247528293854444
Madera,2019,365,167,185,13,0,0,0,140,84,52,0,0,225,103,37,50.11,779.0,51.325317534442334,-1.2153175344423346
Marin,2019,363,291,71,1,0,0,0,133,55,37,0,10,151,202,0,23.27,540.0,23.231220597720753,0.038779402279246256
Mariposa,2019,365,192,159,9,5,0,0,185,84,50,0,0,247,118,0,37.75,63.0,39.100436438105184,-1.3504364381051843
Mendocino,2019,361,290,71,0,0,0,0,80,54,36,0,0,155,199,7,61.11,488.0,56.03947170614565,5.070528293854352
Merced,2019,365,176,182,7,0,0,0,119,80,51,0,0,202,161,2,59.66,1687.0,66.55264351186904,-6.892643511869039
Mono,2019,365,242,108,6,0,0,9,4227,83,34,0,0,0,322,43,47.89,51.0,40.6607579818322,7.2292420181678025
Monterey,2019,365,303,61,1,0,0,0,144,54,39,2,0,228,127,8,36.95,1630.0,40.854405603764555,-3.904405603764552
Napa,2019,363,295,66,2,0,0,0,119,54,37,2,0,211,150,0,37.75,496.0,35.06855985363246,2.6814401463675424
Nevada,2019,361,251,105,5,0,0,0,122,71,45,0,0,272,89,0,27.74,218.0,33.8906875465301,-6.150687546530104
Orange,2019,365,157,192,15,1,0,0,172,87,53,0,7,188,164,6,27.26,8315.0,28.73359504350813,-1.47359504350813
Placer,2019,365,198,158,9,0,0,0,136,77,49,0,0,218,145,2,29.45,1036.0,30.09096948929567,-0.6409694892956708
Plumas,2019,341,220,116,5,0,0,0,138,71,34,0,0,0,341,0,56.34,86.0,48.29543210518434,8.044567894815664
Riverside,2019,365,53,192,91,29,0,0,185,147,77,0,0,219,102,44,39.48,9237.0,38.54186378595331,0.9381362140466862
Sacramento,2019,365,175,180,10,0,0,0,140,84,52,0,1,188,169,7,59.48,8986.0,58.56993865495505,0.9100613450449444
San Benito,2019,365,318,47,0,0,0,0,90,52,39,0,0,308,51,6,58.02,340.0,50.447031157977044,7.572968842022959
San Bernardino,2019,365,29,203,71,54,8,0,213,172,81,0,4,214,140,7,50.06,10877.0,50.16162587784868,-0.10162587784867583
San Diego,2019,365,38,302,23,2,0,0,169,93,66,0,1,133,228,3,30.2,9860.0,32.166921020934765,-1.966921020934766
San Francisco,2019,365,251,113,1,0,0,0,108,58,39,0,15,119,231,0,33.21,2666.0,35.78903115797708,-2.5790311579770773
San Joaquin,2019,365,202,151,11,1,0,0,190,82,47,0,1,201,149,14,58.01,4373.0,56.88252017450648,1.1274798254935163
San Luis Obispo,2019,365,196,166,3,0,0,0,108,74,49,0,0,239,109,17,31.87,762.0,31.175299900422207,0.6947000995777941
San Mateo,2019,365,276,87,2,0,0,0,122,57,39,0,14,135,216,0,26.21,1983.0,30.053749215211464,-3.8437492152114636
Santa Barbara,2019,365,242,122,1,0,0,0,105,63,45,0,0,228,128,9,28.11,1225.0,31.525423237784757,-3.4154232377847578
Santa Clara,2019,365,205,156,4,0,0,0,136,68,48,0,1,134,229,1,24.29,4646.0,28.138656712189515,-3.8486567121895163
Santa Cruz,2019,365,291,74,0,0,0,0,74,54,39,0,0,166,199,0,30.52,796.0,32.42966991250993,-1.90966991250993
Shasta,2019,364,306,58,0,0,0,0,100,54,42,0,0,349,13,2,39.94,630.0,44.94174921521144,-5.00174921521144
Siskiyou,2019,365,302,59,2,2,0,0,164,54,38,0,0,239,126,0,40.79,148.0,39.77570074685064,1.0142992531493604
Solano,2019,365,226,138,1,0,0,0,119,64,45,0,1,129,235,0,71.26,2986.0,71.83745407212542,-0.5774540721254198
Sonoma,2019,365,318,47,0,0,0,0,87,52,36,0,1,202,155,7,32.65,1487.0,35.535374769423946,-2.8853747694239473
Stanislaus,2019,365,168,174,22,1,0,0,177,92,52,0,0,208,147,10,52.93,2887.0,51.54675364891119,1.3832463510888076
Sutter,2019,365,200,163,2,0,0,0,110,71,48,0,0,200,159,6,27.19,274.0,30.872471706145603,-3.682471706145602
Tehama,2019,365,263,102,0,0,0,0,93,64,43,0,0,299,66,0,46.61,273.0,48.59703115797702,-1.9870311579770217
Trinity,2019,269,225,42,2,0,0,0,113,56,23,0,0,0,269,0,43.23,47.0,45.85585058563299,-2.625850585632996
Tulare,2019,365,98,186,78,2,1,0,280,122,67,0,0,210,136,19,40.67,1994.0,39.43602239135631,1.2339776086436913
Tuolumne,2019,358,273,83,2,0,0,0,108,67,43,0,0,358,0,0,44.83,185.0,46.01515449533962,-1.1851544953396242
Ventura,2019,365,175,181,9,0,0,0,126,77,51,0,3,226,127,9,30.65,2410.0,31.283625877848795,-0.6336258778487966
Yolo,2019,365,252,112,1,0,0,0,136,63,43,0,1,249,114,1,35.9,742.0,38.33540560376454,-2.4354056037645435
Alameda,2020,366,169,177,8,11,1,0,243,81,52,0,6,87,273,0,27.32,4274.0,32.34481880827254,-5.024818808272542
Amador,2020,359,327,29,2,1,0,0,156,50,37,0,0,359,0,0,28.89,103.0,34.72313158537884,-5.833131585378837
Butte,2020,366,149,178,18,16,3,2,508,110,54,0,0,159,204,3,23.98,473.0,21.496303391102266,2.483696608897734
Calaveras,2020,364,206,135,10,12,1,0,210,79,48,0,0,182,177,5,29.14,111.0,30.574506031166354,-1.4345060311663538
Colusa,2020,366,218,116,9,22,1,0,221,87,42,0,0,148,190,28,25.45,49.0,20.145774773611485,5.304225226388514
Contra Costa,2020,366,192,156,7,10,1,0,221,75,49,0,2,107,257,0,27.07,3033.0,35.156647002549164,-8.086647002549164
Del Norte,2020,292,193,90,4,3,2,0,245,61,42,0,0,0,292,0,40.45,104.0,37.26616675264034,3.183833247359665
El Dorado,2020,366,256,87,17,6,0,0,190,90,43,0,0,346,13,7,21.02,351.0,15.592818808272648,5.427181191727351
Fresno,2020,366,75,192,59,31,8,1,346,154,76,0,0,149,204,13,34.74,3500.0,44.97456769984762,-10.234567699847616
Glenn,2020,364,200,135,7,19,3,0,221,84,46,0,0,151,202,11,20.38,55.0,20.48128575708205,-0.10128575708204934
Humboldt,2020,366,318,45,3,0,0,0,109,53,29,0,0,225,80,61,34.21,442.0,35.97119768775997,-1.7611976877599673
Imperial,2020,366,94,244,26,2,0,0,166,97,60,0,1,153,146,66,26.7,474.0,38.0515853338678,-11.3515853338678
Inyo,2020,366,158,153,23,16,8,8,705,130,57,0,0,218,128,20,26.91,46.0,35.08501701463686,-8.175017014636861
Kern,2020,366,56,180,98,28,4,0,267,140,83,0,0,184,166,16,27.98,2528.0,29.885677836889723,-1.9056778368897227
Kings,2020,366,76,220,54,13,2,1,548,124,70,0,0,118,199,49,27.64,425.0,41.79622408840074,-14.15622408840074
Lake,2020,351,341,6,1,3,0,0,190,44,32,0,0,324,25,2,44.32,269.0,53.89913158537889,-9.579131585378889
Los Angeles,2020,366,35,194,77,43,17,0,250,166,85,0,9,180,175,2,26.6,25868.0,28.967876043254012,-2.367876043254011
Madera,2020,366,104,209,34,15,4,0,275,113,64,0,0,173,174,19,31.15,473.0,34.38900381431638,-3.2390038143163835
Marin,2020,366,272,85,4,4,1,0,231,62,36,0,8,148,210,0,11.81,279.0,3.672572133547523,8.137427866452477
Mariposa,2020,366,195,123,27,10,6,5,1073,111,49,0,0,275,84,7,23.43,31.0,19.541787973931953,3.8882120260680466
Mendocino,2020,366,240,103,10,10,0,3,716,79,40,0,0,112,252,2,38.28,314.0,37.489413528144446,0.7905864718555549
Merced,2020,366,131,203,17,15,0,0,194,96,57,0,0,164,201,1,37.82,1033.0,48.406021448336645,-10.586021448336645
Mono,2020,366,183,117,13,14,11,28,2088,224,51,0,0,0,331,35,36.04,40.0,24.733034547878276,11.306965452121723
Monterey,2020,366,259,92,4,8,3,0,275,64,39,0,0,171,171,24,21.34,917.0,21.497475196825732,-0.1574751968257324
Napa,2020,365,259,91,7,7,1,0,224,66,39,3,0,163,199,0,22.98,322.0,16.115065561162446,6.864934438837555
Nevada,2020,366,223,111,15,11,6,0,277,91,46,0,0,173,193,0,20.74,174.0,14.735475196825687,6.004524803174311
Orange,2020,366,118,207,28,11,2,0,218,108,56,0,4,153,207,2,15.88,4866.0,9.981818808272527,5.898181191727474
Placer,2020,366,130,195,20,15,6,0,247,108,57,0,0,181,177,8,16.13,621.0,12.347783540232092,3.7822164597679073
Plumas,2020,360,135,175,16,17,10,7,755,146,56,0,0,0,360,0,40.49,57.0,33.37629895740245,7.113701042597555
Riverside,2020,366,42,179,98,36,9,2,584,159,87,0,0,211,124,31,24.75,5870.0,21.202113951358548,3.547886048641452
Sacramento,2020,366,145,185,17,16,3,0,226,100,55,0,0,166,191,9,35.15,5480.0,39.81816241971945,-4.668162419719451
San Benito,2020,366,271,78,8,9,0,0,174,68,41,0,0,241,117,8,35.38,219.0,31.493536865507032,3.8864631344929705
San Bernardino,2020,366,33,170,76,69,18,0,236,185,93,0,6,219,128,13,31.0,6752.0,33.22531215772272,-2.225312157722719
San Diego,2020,366,33,284,35,14,0,0,192,108,74,0,0,100,263,3,17.69,5739.0,14.423735071871189,3.2662649281288125
San Francisco,2020,366,227,131,3,4,1,0,223,67,42,0,5,118,243,0,17.02,1435.0,17.037254922741475,-0.017254922741475553
San Joaquin,2020,366,162,173,16,13,2,0,215,97,54,0,0,129,223,14,37.98,2941.0,38.9376161682085,-0.9576161682085029
San Luis Obispo,2020,366,161,174,21,7,1,2,334,90,53,0,0,179,181,6,16.84,432.0,12.625241722421006,4.214758277578994
San Mateo,2020,366,257,99,5,5,0,0,199,64,37,0,11,136,219,0,14.42,1080.0,10.29338269380383,4.12661730619617
Santa Barbara,2020,366,199,154,9,4,0,0,174,68,48,0,0,156,207,3,15.37,678.0,12.77364700254915,2.5963529974508486
Santa Clara,2020,366,174,172,11,9,0,0,198,81,52,0,3,107,256,0,14.95,2810.0,9.588598534188316,5.361401465811683
Santa Cruz,2020,366,261,85,6,10,1,3,624,68,39,0,0,138,228,0,17.08,457.0,13.072739505571107,4.007260494428891
Shasta,2020,366,286,72,6,2,0,0,171,67,41,0,0,325,41,0,24.03,400.0,25.383100751038207,-1.3531007510382054
Siskiyou,2020,366,272,71,10,9,2,2,468,66,39,0,0,210,156,0,25.1,86.0,20.620488397146218,4.479511602853783
Solano,2020,366,183,167,9,6,1,0,228,77,51,0,0,125,240,1,40.18,1766.0,53.69083200859304,-13.510832008593042
Sonoma,2020,366,290,69,1,6,0,0,199,57,36,0,1,166,192,7,18.76,884.0,16.178444362485116,2.581555637514885
Stanislaus,2020,366,131,198,21,16,0,0,195,102,60,0,1,169,182,14,32.9,1802.0,33.80356769984762,-0.9035676998476205
Sutter,2020,366,162,173,15,13,2,1,356,90,53,0,0,140,222,4,19.42,183.0,12.524131585378807,6.895868414621194
Tehama,2020,366,216,117,12,19,2,0,218,94,46,0,0,214,152,0,28.11,173.0,29.84525492274141,-1.7352549227414116
Trinity,2020,343,215,100,12,13,3,0,211,81,36,0,0,0,343,0,21.85,26.0,29.121254922741443,-7.271254922741441
Tulare,2020,366,52,179,103,30,2,0,225,145,80,0,0,164,190,12,24.56,1134.0,22.701426728464767,1.8585732715352314
Tuolumne,2020,353,277,71,5,0,0,0,143,64,41,0,0,353,0,0,26.74,129.0,26.254787973931982,0.48521202606801594
Ventura,2020,366,185,155,21,5,0,0,174,90,50,0,0,239,119,8,17.26,1393.0,11.724977413675568,5.535022586324434
Yolo,2020,366,215,123,14,13,1,0,209,86,45,0,1,168,197,0,22.99,455.0,19.381911311294527,3.6080886887054717
Alameda,2021,365,155,200,9,1,0,0,151,71,53,0,3,99,263,0,25.31,3862.0,32.189428559360934,-6.879428559360935
Amador,2021,365,307,54,4,0,0,0,133,67,37,0,0,365,0,0,32.41,95.0,34.36602327923283,-1.9560232792328307
Butte,2021,365,160,174,18,10,3,0,257,90,53,0,0,177,185,3,23.72,443.0,20.93747702772185,2.782522972278148
Calaveras,2021,364,220,135,6,3,0,0,178,77,46,0,0,216,148,0,36.74,120.0,29.81396161055153,6.926038389448472
Colusa,2021,365,111,238,9,6,1,0,225,76,55,0,0,60,291,14,28.35,61.0,22.41100121151275,5.93899878848725
Contra Costa,2021,365,195,165,5,0,0,0,150,69,47,0,0,139,226,0,26.6,2907.0,34.39610258193434,-7.796102581934342
Del Norte,2021,323,259,64,0,0,0,0,72,54,31,0,0,0,323,0,38.8,97.0,34.69015981691586,4.109840183084138
El Dorado,2021,365,247,96,16,4,1,1,375,93,43,0,0,349,9,7,24.18,387.0,15.235710502126638,8.944289497873362
Fresno,2021,365,62,221,63,17,2,0,278,130,68,0,0,146,209,10,34.7,3521.0,43.00371493582636,-8.303714935826356
Glenn,2021,365,244,106,9,6,0,0,192,65,42,0,0,183,172,10,29.34,79.0,19.317305221998417,10.022694778001583
Humboldt,2021,365,333,32,0,0,0,0,64,48,29,12,0,219,78,56,27.67,344.0,35.61408938161396,-7.944089381613956
Imperial,2021,365,84,252,22,4,1,2,436,97,60,0,0,134,126,105,21.93,400.0,37.69447702772179,-15.764477027721789
Inyo,2021,365,100,222,25,12,3,3,558,115,61,0,0,152,185,28,34.43,50.0,35.53478093742847,-1.1047809374284725
Kern,2021,365,35,202,97,29,1,1,314,147,84,0,0,151,199,15,26.84,2440.0,29.73028758797812,-2.8902875879781185
Kings,2021,365,84,230,40,10,0,1,685,109,64,0,0,119,168,78,34.27,526.0,40.22880743884829,-5.9588074388482895
Lake,2021,356,348,7,0,1,0,0,157,43,33,0,0,335,19,2,40.32,242.0,53.74374133646728,-13.42374133646728
Los Angeles,2021,365,9,259,70,26,1,0,281,143,79,0,13,148,199,5,26.2,24746.0,27.400459393701567,-1.2004593937015677
Madera,2021,365,133,197,28,7,0,0,194,100,58,0,0,210,131,24,31.19,471.0,32.82158716476393,-1.631587164763932
Marin,2021,365,267,98,0,0,0,0,88,60,38,0,2,149,214,0,13.78,305.0,3.7188999418703252,10.061100058129675
Mariposa,2021,365,193,140,25,7,0,0,162,97,49,0,0,292,73,0,17.51,26.0,19.184679667785943,-1.6746796677859415
Mendocino,2021,365,210,147,6,2,0,0,185,69,46,0,0,76,289,0,33.13,266.0,38.34261356540487,-5.212613565404865
Merced,2021,365,155,177,31,2,0,0,166,100,54,0,0,210,151,4,37.24,1049.0,47.44375897048741,-10.203758970487407
Mono,2021,364,260,78,12,11,0,3,2971,84,27,0,0,0,241,123,29.35,36.0,19.53469286810652,9.81530713189348
Monterey,2021,365,261,104,0,0,0,0,80,57,41,0,0,161,194,10,22.36,968.0,21.543803005148533,0.8161969948514667
Napa,2021,140,108,32,0,0,0,0,77,56,41,1,0,74,65,0,15.67,201.0,16.161393369485246,-0.49139336948524637
Nevada,2021,365,183,129,34,13,4,2,326,115,50,0,0,208,157,0,20.51,168.0,15.1852391196173,5.324760880382701
Orange,2021,365,109,238,18,0,0,0,148,87,55,0,5,124,232,4,16.11,4788.0,9.42299244489211,6.68700755510789
Placer,2021,365,130,187,30,9,6,3,692,115,58,0,0,220,144,1,19.86,734.0,12.192393291320489,7.667606708679511
Plumas,2021,365,97,184,37,24,16,7,654,170,67,0,0,0,365,0,26.49,39.0,35.238089280834906,-8.748089280834908
Riverside,2021,365,19,210,89,44,2,1,329,158,89,0,0,191,127,47,26.0,6069.0,21.24844175968135,4.751558240318651
Sacramento,2021,365,146,183,30,4,1,1,381,100,55,0,0,195,166,4,32.46,5008.0,39.46105411357344,-7.0010541135734385
San Benito,2021,365,295,70,0,0,0,0,100,55,41,0,0,280,79,6,24.26,145.0,31.136428559361022,-6.87642855936102
San Bernardino,2021,365,17,202,73,61,11,1,486,172,87,0,7,191,155,12,30.45,6560.0,31.657895508170277,-1.207895508170278
San Diego,2021,365,52,297,16,0,0,0,133,90,67,0,0,163,199,3,17.91,5716.0,12.654600365084336,5.255399634915664
San Francisco,2021,365,255,110,0,0,0,0,86,60,39,0,8,162,195,0,17.92,1387.0,16.074992444892246,1.845007555107756
San Joaquin,2021,365,140,209,15,1,0,0,153,84,55,0,0,114,231,20,35.29,2708.0,38.7822259192969,-3.4922259192968994
San Luis Obispo,2021,365,154,203,8,0,0,0,133,77,53,0,0,190,167,8,16.28,411.0,12.268133416274996,4.011866583725006
San Mateo,2021,365,290,75,0,0,0,0,90,56,36,0,3,199,163,0,13.17,926.0,9.734556330423414,3.4354436695765855
Santa Barbara,2021,365,240,124,1,0,0,0,101,60,44,0,0,180,184,1,15.73,672.0,11.609666467465516,4.1203335325344845
Santa Clara,2021,365,147,211,7,0,0,0,147,72,53,0,0,90,275,0,14.56,2663.0,9.433208285276713,5.1267917147232875
Santa Cruz,2021,365,298,67,0,0,0,0,80,54,37,0,0,187,178,0,18.52,443.0,12.312195084956285,6.207804915043715
Shasta,2021,365,222,111,15,12,5,0,240,93,46,0,0,271,94,0,25.27,409.0,26.034582731064226,-0.7645827310642268
Siskiyou,2021,364,237,96,7,21,3,0,210,86,43,0,0,178,186,0,21.42,76.0,21.070252319937833,0.34974768006216905
Solano,2021,365,215,147,3,0,0,0,126,66,44,0,0,172,193,0,40.05,1705.0,51.92169730180618,-11.87169730180618
Sonoma,2021,365,283,82,0,0,0,0,89,57,37,0,0,156,203,6,15.0,673.0,16.023054113573515,-1.0230541135735152
Stanislaus,2021,365,84,234,42,5,0,0,172,105,61,0,0,136,225,4,32.44,1769.0,33.64817745093601,-1.208177450936013
Sutter,2021,364,102,240,17,5,0,0,175,90,59,0,0,95,268,1,23.18,215.0,13.377331622639232,9.802668377360767
Tehama,2021,365,207,122,21,15,0,0,193,100,47,0,0,256,109,0,31.38,189.0,29.68986467382981,1.6901353261701892
Trinity,2021,328,201,81,4,19,9,14,1217,168,38,0,0,0,328,0,26.72,33.0,29.167582731064247,-2.447582731064248
Tulare,2021,365,49,182,93,38,2,1,961,154,81,0,0,173,187,5,26.95,1280.0,22.546036479553162,4.403963520446837
Tuolumne,2021,360,295,63,2,0,0,0,136,61,41,0,0,360,0,0,23.59,104.0,25.897679667785972,-2.3076796677859726
Ventura,2021,365,157,198,10,0,0,0,122,80,53,0,0,214,140,11,16.81,1312.0,11.973023279232777,4.836976720767222
Yolo,2021,365,242,117,4,2,0,0,159,68,42,0,0,215,149,1,22.87,436.0,18.4196488334453,4.4503511665547
Alameda,2022,365,185,175,5,0,0,0,122,70,49,0,2,108,255,0,35.28,5201.0,38.80843198113439,-3.528431981134389
Amador,2022,364,333,30,1,0,0,0,112,50,36,0,0,364,0,0,38.44,121.0,41.5901808727095,-3.1501808727095053
Butte,2022,365,191,171,3,0,0,0,119,77,50,0,0,239,126,0,27.09,505.0,27.758198506729713,-0.6681985067297127
Calaveras,2022,364,286,77,1,0,0,0,115,58,41,0,0,237,126,1,35.09,119.0,36.231246975090585,-1.1412469750905814
Colusa,2022,363,240,122,1,0,0,0,105,59,44,0,0,185,171,7,45.3,95.0,27.617978232645367,17.68202176735463
Contra Costa,2022,365,174,189,2,0,0,0,129,67,52,0,0,99,266,0,40.2,4243.0,42.83056851881745,-2.630568518817448
Del Norte,2022,344,299,45,0,0,0,0,74,52,29,0,0,0,344,0,41.68,97.0,41.712599353158126,-0.03259935315812612
El Dorado,2022,365,258,93,12,2,0,0,186,77,43,0,0,353,8,4,25.46,416.0,22.66158615283772,2.79841384716228
Fresno,2022,365,78,217,67,3,0,0,159,115,71,0,0,192,160,13,46.1,4717.0,51.03474475824066,-4.934744758240662
Glenn,2022,360,264,95,1,0,0,0,104,61,42,0,0,255,98,7,33.02,90.0,26.743180872709498,6.276819127290505
Humboldt,2022,365,340,25,0,0,0,0,74,42,24,1,0,217,84,63,36.78,453.0,42.031374746153006,-5.2513747461530045
Imperial,2022,365,86,232,34,5,2,6,791,106,61,0,2,131,131,101,29.67,547.0,45.322070735667275,-15.652070735667273
Inyo,2022,365,117,217,18,4,4,5,1551,97,58,0,0,188,130,47,38.99,63.0,42.35550241643634,-3.3655024164363354
Kern,2022,365,47,196,109,12,1,0,289,136,80,0,0,189,153,23,29.17,2670.0,36.349291009751575,-7.179291009751573
Kings,2022,365,71,244,48,2,0,0,187,108,69,0,0,163,149,53,38.32,586.0,48.66327337573141,-10.343273375731407
Lake,2022,363,359,4,0,0,0,0,76,43,32,0,0,350,13,0,54.62,318.0,60.967898929943956,-6.347898929943959
Los Angeles,2022,365,17,254,65,28,1,0,209,140,74,0,19,170,167,9,35.91,33186.0,33.81774475824062,2.092255241759375
Madera,2022,365,147,205,13,0,0,0,136,87,54,0,0,212,129,24,43.88,675.0,39.44059058653739,4.439409413462613
Marin,2022,365,275,90,0,0,0,0,91,57,37,0,2,151,212,0,17.12,378.0,10.943057535347,6.176942464653001
Mariposa,2022,365,211,125,8,21,0,0,198,89,48,0,0,276,88,1,21.15,28.0,26.40883726126262,-5.25883726126262
Mendocino,2022,365,129,234,2,0,0,0,103,69,54,0,0,26,339,0,52.34,416.0,47.382233673991195,4.957766326008809
Merced,2022,365,140,212,13,0,0,0,143,87,56,0,0,195,141,29,47.91,1372.0,55.27307073566731,-7.363070735667314
Mono,2022,365,276,61,5,7,1,15,8368,68,27,0,0,0,255,110,38.3,41.0,26.960568518817603,11.339431481182395
Monterey,2022,365,299,66,0,0,0,0,80,54,39,0,0,198,144,23,31.73,1345.0,28.566242541390803,3.163757458609197
Nevada,2022,365,185,161,11,3,5,0,293,87,50,0,0,258,107,0,19.63,152.0,22.61111477032838,-2.9811147703283822
Orange,2022,365,143,215,5,2,0,0,156,71,53,0,9,133,217,6,23.24,6714.0,16.44543198113438,6.794568018865618
Placer,2022,365,156,185,15,4,3,2,442,90,54,0,0,241,123,1,23.17,851.0,18.811396713093945,4.358603286906057
Plumas,2022,359,148,182,25,4,0,0,175,96,55,0,0,0,359,0,29.56,49.0,40.24334824473311,-10.683348244733114
Riverside,2022,365,41,198,86,31,2,7,1683,151,77,0,0,196,110,59,35.49,8247.0,26.25370072357956,9.236299276420443
Sacramento,2022,365,162,184,17,2,0,0,164,93,53,0,0,200,164,1,40.27,6083.0,46.483493649815706,-6.213493649815703
San Benito,2022,365,297,68,0,0,0,0,97,57,42,0,0,299,65,1,34.85,222.0,38.76402226730651,-3.914022267306507
San Bernardino,2022,365,23,212,67,56,7,0,225,166,77,0,9,197,142,17,39.01,8386.0,37.066590586537295,1.9434094134627031
San Diego,2022,365,42,297,25,1,0,0,156,97,63,0,1,150,190,24,26.27,8244.0,19.273603786857795,6.996396213142205
San Francisco,2022,364,260,104,0,0,0,0,88,59,36,2,18,152,192,0,24.81,1753.0,22.895713923900107,1.9142860760998914
San Joaquin,2022,365,192,164,8,0,1,0,208,86,48,0,0,172,169,24,47.01,3588.0,44.796075169367136,2.2139248306328625
San Luis Obispo,2022,365,117,245,3,0,0,0,115,75,55,0,0,160,203,2,22.44,549.0,20.097445181454887,2.342554818545114
San Mateo,2022,365,267,98,0,0,0,0,85,60,36,0,7,179,179,0,21.35,1445.0,17.160431981134494,4.189568018865508
Santa Barbara,2022,365,198,167,0,0,0,0,93,60,48,0,0,138,223,4,20.31,866.0,19.84241434711422,0.46758565288577714
Santa Clara,2022,365,187,173,5,0,0,0,119,73,49,0,0,130,235,0,22.22,3974.0,16.05221170705017,6.1677882929498296
Santa Cruz,2022,365,287,78,0,0,0,0,93,56,35,0,0,180,185,0,22.22,520.0,19.334634621198553,2.8853653788014455
Shasta,2022,365,253,106,6,0,0,0,119,71,45,0,0,303,62,0,25.18,413.0,33.2587403245409,-8.078740324540902
Siskiyou,2022,362,269,86,2,4,0,1,454,62,41,0,0,203,159,0,27.91,98.0,28.0926918561801,-0.18269185618009942
Solano,2022,365,235,130,0,0,0,0,93,67,43,0,0,197,168,0,53.61,2234.0,59.14585489528286,-5.53585489528286
Sonoma,2022,365,286,79,0,0,0,0,82,56,36,0,0,194,168,3,26.84,1142.0,23.247211707050187,3.5927882929498125
Stanislaus,2022,365,108,234,22,1,0,0,166,95,57,0,0,128,218,19,39.46,2134.0,40.26718087270947,-0.8071808727094663
Sutter,2022,364,154,205,5,0,0,0,119,81,52,0,0,178,186,0,26.47,254.0,19.391180872709473,7.078819127290526
Tehama,2022,365,245,117,3,0,0,0,108,74,44,0,0,281,84,0,34.5,199.0,36.51058615283767,-2.010586152837668
Trinity,2022,353,227,111,5,5,3,2,342,72,34,0,0,0,353,0,27.05,39.0,35.7865861528377,-8.736586152837699
Tulare,2022,365,58,193,106,8,0,0,182,129,77,0,0,192,158,15,31.62,1526.0,29.165039901326622,2.4549600986733786
Tuolumne,2022,250,237,12,1,0,0,0,108,48,39,0,0,250,0,0,27.22,119.0,32.92011920402824,-5.7001192040282405
Ventura,2022,365,171,183,11,0,0,0,140,80,52,0,1,242,122,0,25.35,1955.0,19.197180872709453,6.152819127290549
Yolo,2022,365,283,80,2,0,0,0,101,64,42,0,0,278,87,0,29.82,554.0,25.845524484156382,3.9744755158436185
